,Media,Date,Tweet,Compound Score,Positive Score,Negative Score,Neutral Score,Tweets Ago
0,@BBCWorld,Tue Jul 10 20:07:37 +0000 2018,Prince Harry and Meghan arrive in the Republic of Ireland https://t.co/gjRjoWzI9V,0.0,0.0,0.0,1.0,1
1,@BBCWorld,Tue Jul 10 20:00:02 +0000 2018,"RT @BBCSport: France have booked their place in the #WorldCup final, where they'll meet either Croatia or England.

#FRABEL report: https:/‚Ä¶",0.0,0.0,0.0,1.0,2
2,@BBCWorld,Tue Jul 10 19:54:14 +0000 2018,"RT @BBCSport: FT: #FRA 1-0 #BEL 

France are into their third #WorldCup final! 

Samuel Umtiti's 51st minute header gives Les Bleus victory‚Ä¶",0.0,0.0,0.0,1.0,3
3,@BBCWorld,Tue Jul 10 19:53:56 +0000 2018,Cave rescue: The divers who got the Thai boys out https://t.co/iVJlhirMXe,0.5106,0.248,0.0,0.752,4
4,@BBCWorld,Tue Jul 10 19:27:46 +0000 2018,US mum and daughter 'questioned over different surnames' https://t.co/qbOFzai5sA,-0.1027,0.0,0.149,0.851,5
5,@BBCWorld,Tue Jul 10 19:25:42 +0000 2018,"RT @BBCNews: By measuring stress and anxiety levels, this wristband could help people manage severe autism

https://t.co/qkrzW7TnSw https:/‚Ä¶",-0.5267,0.113,0.298,0.588,6
6,@BBCWorld,Tue Jul 10 19:09:39 +0000 2018,"RT @BBCSport: GOAL: #FRA 1-0 #BEL 

Samuel Umtiti with the header! The defender gets up above Fellaini from a corner.

üì∫ @BBCOne 
#FRABEL #‚Ä¶",0.1759,0.071,0.0,0.929,7
7,@BBCWorld,Tue Jul 10 18:52:19 +0000 2018,"No hopscotch, no hockey: Canada neighbourhood bans outside fun https://t.co/ZFvTItfrKs",-0.0258,0.224,0.299,0.476,8
8,@BBCWorld,Tue Jul 10 18:51:51 +0000 2018,"RT @BBCNewsbeat: Why WAS Elon Musk at the #ThaiCaveRescue? üêóüáπüá≠  

https://t.co/9HQn1XSkL0",0.0,0.0,0.0,1.0,9
9,@BBCWorld,Tue Jul 10 18:47:06 +0000 2018,"RT @BBCSport: HT: #FRA 0-0 #BEL 

Both sides have had chances, but there's no joy in the first half.

üì∫ @BBCOne 
#FRABEL #WorldCup 
https:/‚Ä¶",0.5859,0.217,0.092,0.691,10
10,@BBCWorld,Tue Jul 10 17:38:48 +0000 2018,California lawyer investigated for obscene slur on Democrat https://t.co/Euw0rd7M5j,-0.5859,0.0,0.322,0.678,11
11,@BBCWorld,Tue Jul 10 16:53:04 +0000 2018,Jailed ex-bank boss David Drumm given suspended sentence https://t.co/Vi0UxRkb9s,-0.7184,0.096,0.463,0.441,12
12,@BBCWorld,Tue Jul 10 16:52:40 +0000 2018,"RT @BBCNews: Theresa May: Donald Trump and I will ""be talking positively about how we can continue to work together"", after US President sa‚Ä¶",0.5267,0.134,0.0,0.866,13
13,@BBCWorld,Tue Jul 10 16:31:11 +0000 2018,Trump pardons Oregon ranchers who sparked 2016 militia standoff https://t.co/4q8QnoHgwz,0.296,0.196,0.0,0.804,14
14,@BBCWorld,Tue Jul 10 15:42:20 +0000 2018,"RT @BBCSport: Just incredible.

Serena Williams will play in her 11th Wimbledon semi-final after beating Italy‚Äôs Camila Giorgi.

LIVEüëâhttps‚Ä¶",-0.1531,0.107,0.134,0.759,15
15,@BBCWorld,Tue Jul 10 15:36:01 +0000 2018,Trump: What does the US do for the Nato alliance in Europe? https://t.co/SNjWA8Ubju,0.0,0.0,0.0,1.0,16
16,@BBCWorld,Tue Jul 10 15:25:42 +0000 2018,Many injured as plane crashes in S Africa https://t.co/EL1oIRf4Rf,-0.4019,0.0,0.278,0.722,17
17,@BBCWorld,Tue Jul 10 15:24:27 +0000 2018,World Cup 2018: @BBCRajiniV has been out and about in Moscow to see how many different nationalities she could find‚Ä¶ https://t.co/6uylEr7Keh,0.0,0.0,0.0,1.0,18
18,@BBCWorld,Tue Jul 10 14:58:06 +0000 2018,Homer Odyssey: Oldest extract discovered on clay tablet https://t.co/D2uOBAg0LA,0.0,0.0,0.0,1.0,19
19,@BBCWorld,Tue Jul 10 14:55:16 +0000 2018,Irish prime minister welcomes UK Brexit statement https://t.co/4uMQM1BMDl,0.4019,0.278,0.0,0.722,20
20,@BBCWorld,Tue Jul 10 14:48:10 +0000 2018,"RT @BBCBreaking: @DanJohnsonNews Mission accomplished!

The last members of the rescue team who were inside the cave have made it out succe‚Ä¶",0.7574,0.245,0.0,0.755,21
21,@BBCWorld,Tue Jul 10 14:21:03 +0000 2018,Ryanair to cancel up to 30 flights on Thursday https://t.co/OrLRPsIouq,-0.25,0.0,0.182,0.818,22
22,@BBCWorld,Tue Jul 10 14:05:47 +0000 2018,In pictures: How the Thailand cave rescue unfolded https://t.co/u0p4Vzs1hF,0.5106,0.292,0.0,0.708,23
23,@BBCWorld,Tue Jul 10 13:25:23 +0000 2018,Trump-Nato summit: EU's Tusk warns president to appreciate allies https://t.co/cW0PLqYNph,0.3182,0.223,0.116,0.661,24
24,@BBCWorld,Tue Jul 10 13:03:20 +0000 2018,Israeli unmanned spacecraft to land on Moon in 2019 https://t.co/NaVk85Tl3A,0.0,0.0,0.0,1.0,25
25,@BBCWorld,Tue Jul 10 12:50:23 +0000 2018,"RT @BBCBreaking: ""It really is a fantastic achievement of human endeavour"" - @DanJohnsonNews on the extraordinary challenges faced by #Thai‚Ä¶",0.6344,0.245,0.0,0.755,26
26,@BBCWorld,Tue Jul 10 12:13:08 +0000 2018,Biker critically injured in Southern 100 practice session crash https://t.co/O5y3RyrQzL,-0.6597,0.0,0.403,0.597,27
27,@BBCWorld,Tue Jul 10 12:08:06 +0000 2018,Cave rescue: All 13 out after 17-day ordeal in Thailand https://t.co/DLPnGkzlEj,0.5106,0.248,0.0,0.752,28
28,@BBCWorld,Tue Jul 10 12:02:54 +0000 2018,Nicaragua crisis: '38 killed in bloodiest day' - NGO https://t.co/ieJv57o8ya,-0.8625,0.0,0.551,0.449,29
29,@BBCWorld,Tue Jul 10 12:00:50 +0000 2018,"RT @BBCBreaking: #ThaiCaveRescue: All 12 boys and their football coach rescued from flooded cave system in Chiang Rai üêóüáπüá≠ 

https://t.co/bu‚Ä¶",0.4215,0.128,0.0,0.872,30
30,@BBCWorld,Tue Jul 10 11:33:16 +0000 2018,South Sudan profile - Timeline https://t.co/DWaMOgLPrH,0.0,0.0,0.0,1.0,31
31,@BBCWorld,Tue Jul 10 11:23:17 +0000 2018,"George Clooney back in ER (with minor injury)

https://t.co/WsZt2s1fuF",0.0,0.0,0.0,1.0,32
32,@BBCWorld,Tue Jul 10 11:20:19 +0000 2018,"#ThaiCaveRescue: Mission ""nearing its end"" as ninth boy taken to hospital, and reports tenth and eleventh also safe‚Ä¶ https://t.co/9fdgERrQV9",0.0,0.0,0.0,1.0,33
33,@BBCWorld,Tue Jul 10 11:15:12 +0000 2018,Greece profile - Timeline https://t.co/F0ShoOtafL,0.0,0.0,0.0,1.0,34
34,@BBCWorld,Tue Jul 10 11:10:15 +0000 2018,Macedonia country profile https://t.co/SVwy4I4Lai,0.0,0.0,0.0,1.0,35
35,@BBCWorld,Tue Jul 10 10:32:08 +0000 2018,"RT @BBCBreaking: Reports from the scene say 11th person has been carried out of cave in Thailand, as rescue operation continues #ThaiCaveRe‚Ä¶",0.5106,0.136,0.0,0.864,36
36,@BBCWorld,Tue Jul 10 10:27:18 +0000 2018,Eritrea country profile https://t.co/qV9D5ypKJT,0.0,0.0,0.0,1.0,37
37,@BBCWorld,Tue Jul 10 10:22:34 +0000 2018,Michael D Higgins to seek second term as Irish president https://t.co/anzFRlxILU,0.0,0.0,0.0,1.0,38
38,@BBCWorld,Tue Jul 10 10:02:35 +0000 2018,"Thai Navy Seals confirm nine boys now safe as cave rescue operation continues, more than two weeks after the young‚Ä¶ https://t.co/eJv3O6Ol4D",0.7351,0.246,0.0,0.754,39
39,@BBCWorld,Tue Jul 10 09:58:02 +0000 2018,Israel closes main Gaza goods crossing in response to arson attacks https://t.co/Ioa1daOAln,-0.4404,0.0,0.209,0.791,40
40,@BBCWorld,Tue Jul 10 09:45:41 +0000 2018,"RT @BBCBreaking: Thai cave rescue: At least one more boy brought out of cave safely in latest phase of rescue operation - reports

Live upd‚Ä¶",0.8689,0.318,0.0,0.682,41
41,@BBCWorld,Tue Jul 10 09:39:34 +0000 2018,Germany bans ethnic Turkish boxer gang Osmanen Germania https://t.co/4ixYK2HNUn,0.0,0.0,0.0,1.0,42
42,@BBCWorld,Tue Jul 10 09:37:01 +0000 2018,"Three years ago, a prominent human rights lawyer in China was arrested. 

Wang Quanzhang hasn't been heard from sin‚Ä¶ https://t.co/pyKQor8gIP",-0.2023,0.103,0.138,0.759,43
43,@BBCWorld,Tue Jul 10 09:15:43 +0000 2018,"""No kid has cave dived like this before"": Meet one of the divers working to free the boys trapped in a cave in Thai‚Ä¶ https://t.co/FbLdKFxJ1s",0.0516,0.185,0.178,0.637,44
44,@BBCWorld,Tue Jul 10 09:07:52 +0000 2018,Ethiopia country profile https://t.co/a9EAnroB0t,0.0,0.0,0.0,1.0,45
45,@BBCWorld,Tue Jul 10 09:05:18 +0000 2018,New Nigeria opposition alliance aims to defeat Buhari https://t.co/lsCDMUhYwV,-0.4588,0.0,0.273,0.727,46
46,@BBCWorld,Tue Jul 10 08:40:32 +0000 2018,Mexico country profile https://t.co/506bP4MK5y,0.0,0.0,0.0,1.0,47
47,@BBCWorld,Tue Jul 10 08:39:14 +0000 2018,"RT @BBCSport: Happy #worldcup semi-final day 1!

Join us for live build-up to #FRA v #BEL üì≤ https://t.co/Tfcuayu3PC

#bbcworldcup https://t‚Ä¶",0.7345,0.236,0.0,0.764,48
48,@BBCWorld,Tue Jul 10 08:21:49 +0000 2018,India policemen told to slim down or lose job https://t.co/25tynRWK0Z,-0.4019,0.0,0.231,0.769,49
49,@BBCWorld,Tue Jul 10 07:57:03 +0000 2018,Turkey profile - Timeline https://t.co/Zx44T77FO8,0.0,0.0,0.0,1.0,50
50,@BBCWorld,Tue Jul 10 07:01:05 +0000 2018,"RT @SallyBundockBBC: The great escape - if you plan to, tell us how you are going to avoid the #WorldCup semi finals. Will your workplace b‚Ä¶",0.5574,0.193,0.073,0.733,51
51,@BBCWorld,Tue Jul 10 06:58:49 +0000 2018,Syria war: What we know about Douma 'chemical attack' https://t.co/fh4HXesble,-0.7906,0.0,0.467,0.533,52
52,@BBCWorld,Tue Jul 10 06:12:46 +0000 2018,World's 'oldest coloured molecules' are bright pink https://t.co/EfG5Z7ZjQu,0.4404,0.293,0.0,0.707,53
53,@BBCWorld,Tue Jul 10 06:10:20 +0000 2018,"The latest from the cave rescue in Thailand

https://t.co/Ypxu0yuRvw https://t.co/Q7ld6ykzPd",0.5106,0.268,0.0,0.732,54
54,@BBCWorld,Tue Jul 10 05:41:00 +0000 2018,Dissident Liu Xiaobo's widow 'allowed to leave China' https://t.co/xJy9jrl6Su,-0.0516,0.0,0.13,0.87,55
55,@BBCWorld,Tue Jul 10 05:40:21 +0000 2018,"Elon Musk's offer 'not practical' for cave mission, Thai rescue chief says https://t.co/Sc9awbB2XJ https://t.co/CXRy7l4Ia1",0.5106,0.202,0.0,0.798,56
56,@BBCWorld,Tue Jul 10 05:15:28 +0000 2018,"RT @BBCBreaking: #ThailandCaveRescue: Remaining  four boys and coach may be freed today, rescue chief says https://t.co/ZND3yhW6ke

Live up‚Ä¶",0.7184,0.273,0.0,0.727,57
57,@BBCWorld,Tue Jul 10 02:55:20 +0000 2018,Japan floods: 126 killed after torrential rain and landslides https://t.co/92Wy0Eg6rH,-0.6705,0.0,0.333,0.667,58
58,@BBCWorld,Tue Jul 10 02:47:04 +0000 2018,RT @SallyBundockBBC: The #WorldCup is down to 4 European countries in the semi finals so who are you backing and why?  #France #Belgium #En‚Ä¶,0.0258,0.048,0.0,0.952,59
59,@BBCWorld,Tue Jul 10 02:40:04 +0000 2018,Australia and NZ recall frozen vegetables over listeria fears https://t.co/rTYQOY6BCK,-0.4215,0.0,0.237,0.763,60
60,@BBCWorld,Tue Jul 10 02:25:56 +0000 2018,"Follow our live #ThailandCaveRescue page for the latest updates https://t.co/Sc9awbB2XJ

And you can also subscribe‚Ä¶ https://t.co/uwydn7CMm3",0.0,0.0,0.0,1.0,61
61,@BBCWorld,Tue Jul 10 01:07:55 +0000 2018,Trump names Kavanaugh for US Supreme Court https://t.co/E8xpUvZ4im,0.5574,0.34,0.0,0.66,62
62,@BBCWorld,Mon Jul 09 23:33:17 +0000 2018,Can Ethiopia's Abiy Ahmed make peace with 'Africa's North Korea'? https://t.co/hmJnnVfcmh,0.5423,0.259,0.0,0.741,63
63,@BBCWorld,Mon Jul 09 23:28:17 +0000 2018,Macedonia: The Balkan country waiting for Nato's invitation https://t.co/HlpfRFLZ0r,0.0,0.0,0.0,1.0,64
64,@BBCWorld,Mon Jul 09 23:11:16 +0000 2018,Where a six-figure salary is 'low income' https://t.co/NRLpo8VBaK,-0.2732,0.0,0.259,0.741,65
65,@BBCWorld,Mon Jul 09 23:08:26 +0000 2018,Belgium-France: World Cup clash tests border loyalties https://t.co/EkIUfNT2hE,0.4404,0.293,0.0,0.707,66
66,@BBCWorld,Mon Jul 09 21:44:58 +0000 2018,Turkey's Erdogan appoints son-in-law as finance minister https://t.co/4qe9mUtJn5,0.0,0.0,0.0,1.0,67
67,@BBCWorld,Mon Jul 09 21:42:09 +0000 2018,Cave rescue: Divers ready to save remaining five Thais https://t.co/ILpHChetTF,0.8402,0.562,0.0,0.438,68
68,@BBCWorld,Mon Jul 09 21:34:47 +0000 2018,Nicaragua unrest: Bishop's anger as people die in clashes https://t.co/x7JY5riHws,-0.8225,0.0,0.487,0.513,69
69,@BBCWorld,Mon Jul 09 20:58:04 +0000 2018,Starbucks to ban plastics straws in all stores by 2020 https://t.co/Btj94Fjha3,-0.5574,0.0,0.265,0.735,70
70,@BBCWorld,Mon Jul 09 19:11:20 +0000 2018,Trump denies US opposition to WHO breastfeeding resolution https://t.co/sziQ0GZLUa,-0.4215,0.0,0.259,0.741,71
71,@BBCWorld,Mon Jul 09 18:12:45 +0000 2018,Police: Texas toddler dies from self-inflicted gunshot wound https://t.co/y7EMuiZF7D,0.0,0.0,0.0,1.0,72
72,@BBCWorld,Mon Jul 09 18:04:20 +0000 2018,Brussels fears UK cabinet crisis is a path to no-deal Brexit https://t.co/hOoTgwSAnt,-0.7845,0.0,0.434,0.566,73
73,@BBCWorld,Mon Jul 09 17:37:02 +0000 2018,Ryanair agrees to meet union ahead of strike date https://t.co/XmM6zAd7iB,0.0772,0.159,0.133,0.708,74
74,@BBCWorld,Mon Jul 09 17:24:04 +0000 2018,Migrant separations: Toddlers facing court cases alone https://t.co/hpG7nfyalQ,-0.25,0.0,0.222,0.778,75
75,@BBCWorld,Mon Jul 09 16:58:01 +0000 2018,RT @BBCJonSopel: Statement from @WhiteHouse on turmoil in UK following #BorisExit and #DavisResigns - all that‚Äôs missing are words ‚Äòwhoever‚Ä¶,-0.5719,0.0,0.217,0.783,76
76,@BBCWorld,Mon Jul 09 16:03:34 +0000 2018,"Boris Johnson quits amid Brexit crisis

https://t.co/1C8JqE7nRa https://t.co/onfbq5aJe7",-0.6249,0.0,0.369,0.631,77
77,@BBCWorld,Mon Jul 09 16:02:21 +0000 2018,The people in this Ohio county could predict the next president of the US. What should we ask them? Email us at ask‚Ä¶ https://t.co/G0B5UkVg0B,0.0,0.0,0.0,1.0,78
78,@BBCWorld,Mon Jul 09 15:41:14 +0000 2018,RT @BBCSport: Greg van Avermaet has taken the yellow jersey following day three of the Tour de France https://t.co/Ng1jdYZbID https://t.co/‚Ä¶,0.0,0.0,0.0,1.0,79
79,@BBCWorld,Mon Jul 09 15:17:34 +0000 2018,"RT @BBCSport: Serena Williams is in the quarter-finals!

She‚Äôs defeated Evgeniya Rodina in straight sets.

Liveüëâhttps://t.co/JgrbGi9BZF 
üì∫‚Ä¶",-0.3595,0.094,0.167,0.739,80
80,@BBCWorld,Mon Jul 09 15:04:21 +0000 2018,Harvey Weinstein pleads not guilty in third sex assault case https://t.co/XtBOL42ckP,-0.3544,0.154,0.251,0.595,81
81,@BBCWorld,Mon Jul 09 15:01:41 +0000 2018,California man proposes after finding rings in ashes of home https://t.co/rWWjSKBFBI,0.0,0.0,0.0,1.0,82
82,@BBCWorld,Mon Jul 09 14:08:29 +0000 2018,RT @richard_conway: I understand FIFA remains in contact with the Thai FA over the football team boys trapped in the partly flooded cave (8‚Ä¶,-0.5267,0.0,0.134,0.866,83
83,@BBCWorld,Mon Jul 09 13:46:42 +0000 2018,"RT @BBC_HaveYourSay: .@chrissyteigen photo with 'twins' creates social media storm on #breastfeeding

https://t.co/9wQGRpd0H1",0.2732,0.149,0.0,0.851,84
84,@BBCWorld,Mon Jul 09 13:02:43 +0000 2018,"RT @pakhead: So we can confirm 4 boys out, chilled but safe today, 4 boys yesterday. 8 our of 8 - superb work. They will go back for the re‚Ä¶",0.8885,0.292,0.0,0.708,85
85,@BBCWorld,Mon Jul 09 13:00:32 +0000 2018,"RT @BBCBreaking: #ThaiCaveRescue: Four more boys have been safely taken out of the caves, bringing the total rescued to eight, the BBC unde‚Ä¶",0.7184,0.222,0.0,0.778,86
86,@BBCWorld,Mon Jul 09 12:03:20 +0000 2018,"‚ÄúI want to tell you honey you are the hero in my heart‚Äù

Saman Gunan's wife and father tell us about the man who di‚Ä¶ https://t.co/PSj0vLctkS",0.5994,0.17,0.0,0.83,87
87,@BBCWorld,Mon Jul 09 12:02:21 +0000 2018,"RT @bbcaaron: Another scandal is brewing in the car industry. The Japanese auto giant #Nissan says its uncovered ""misconduct"" involving emi‚Ä¶",-0.4404,0.0,0.127,0.873,88
88,@BBCWorld,Mon Jul 09 11:34:06 +0000 2018,Douglas care home revised plans to rebuild Glenside approved https://t.co/5hVrIqkj5j,0.7184,0.429,0.0,0.571,89
89,@BBCWorld,Mon Jul 09 10:44:45 +0000 2018,Millions of Spanish wine bottles sold off as French ros√© https://t.co/xydRVC5wB8,0.0,0.0,0.0,1.0,90
90,@BBCWorld,Mon Jul 09 10:18:03 +0000 2018,Ethiopia and Eritrea declare war over https://t.co/iZxKy5YgjZ,-0.5994,0.0,0.394,0.606,91
91,@BBCWorld,Mon Jul 09 10:10:28 +0000 2018,Cave rescue: Who are the 12 boys and their coach trapped in Thailand? https://t.co/lTlBOpE974,-0.0258,0.176,0.182,0.642,92
92,@BBCWorld,Mon Jul 09 09:53:57 +0000 2018,France's Marine Le Pen condemns 2m-euro party funding block https://t.co/2cDqbzDaUL,-0.5423,0.17,0.39,0.44,93
93,@BBCWorld,Mon Jul 09 09:14:16 +0000 2018,South Africa ex-President Jacob Zuma's son charged with corruption https://t.co/aZc0IuGfQB,-0.2023,0.0,0.167,0.833,94
94,@BBCWorld,Mon Jul 09 09:11:38 +0000 2018,India Delhi bus gang rapists lose death row plea https://t.co/VgbanDCY78,-0.8979,0.0,0.609,0.391,95
95,@BBCWorld,Mon Jul 09 08:06:38 +0000 2018,"RT @BBCBreaking: #ThaiCaveRescue: Four boys rescued last night now in quarantine in Chiang Rai hospital, local officials say 

Live updates‚Ä¶",0.4215,0.128,0.0,0.872,96
96,@BBCWorld,Mon Jul 09 07:53:47 +0000 2018,"RT @BBCBreaking: Follow the latest developments on day two of the #ThaiCaveRescue as effort to rescue nine remaining people resumes

https:‚Ä¶",0.5106,0.142,0.0,0.858,97
97,@BBCWorld,Mon Jul 09 07:49:39 +0000 2018,First eastern quolls born in Australian wild for half a century https://t.co/QVEGOyxmr9,0.0,0.0,0.0,1.0,98
98,@BBCWorld,Mon Jul 09 07:02:32 +0000 2018,"RT @BBCBenThompson: As more and more of us work on the move with a laptop and wifi, what would you miss most about the office? Your colleag‚Ä¶",-0.1531,0.0,0.06,0.94,99
99,@BBCWorld,Mon Jul 09 05:54:27 +0000 2018,Rohingya crisis: Myanmar to try Reuters journalists who reported on massacre https://t.co/OTszRdHxbk,-0.6249,0.0,0.272,0.728,100
100,@CBSNews,Tue Jul 10 20:15:20 +0000 2018,"TAIL-OR MADE: Mr. Stubbs the alligator suffered for eight years without a tail. So, doctors made him this prostheti‚Ä¶ https://t.co/FwNzj3HVSH",-0.4939,0.0,0.151,0.849,1
101,@CBSNews,Tue Jul 10 19:59:53 +0000 2018,"Snakes almost on a plane: A Barbados-bound passenger tried to ""artfully"" sneak a baby python on board in a hard dri‚Ä¶ https://t.co/njwQ6nQGGB",-0.1027,0.0,0.076,0.924,2
102,@CBSNews,Tue Jul 10 19:44:49 +0000 2018,The FBI agent accused of accidentally shooting a man after doing a backflip in a nightclub will get to carry his gu‚Ä¶ https://t.co/OWTligItGz,-0.5574,0.0,0.204,0.796,3
103,@CBSNews,Tue Jul 10 19:30:37 +0000 2018,"END OF AN ERA: Cristiano Ronaldo, who played on Real Madrid for the last nine years, leaves the club for Italy's Ju‚Ä¶ https://t.co/YIm57uWqNN",0.34,0.098,0.0,0.902,4
104,@CBSNews,Tue Jul 10 19:14:40 +0000 2018,"Paul Manafort wants to prevent certain evidence from being used in his fraud trial, including material about allege‚Ä¶ https://t.co/W1hWFbMxet",-0.3818,0.139,0.165,0.696,5
105,@CBSNews,Tue Jul 10 18:59:45 +0000 2018,"The World Cup is down to its final four teams! Here's how to watch the semi-finals this week
https://t.co/k4HvlxEd5Z https://t.co/DPYQOENhLp",0.0,0.0,0.0,1.0,6
106,@CBSNews,Tue Jul 10 18:45:16 +0000 2018,WATCH: A driver has been charged with DUI after a camera captured his speeding car flying into a brick house in Pen‚Ä¶ https://t.co/AuH55yxqjM,-0.2023,0.0,0.087,0.913,7
107,@CBSNews,Tue Jul 10 18:43:39 +0000 2018,Viral photo shows four badass Thai Navy SEALs who stayed with boys in cave https://t.co/T3CLCj2O3F https://t.co/MbJGNPnF8u,0.34,0.138,0.0,0.862,8
108,@CBSNews,Tue Jul 10 18:29:52 +0000 2018,"Cristiano Ronaldo is leaving Real Madrid to join Italian club Juventus, a move that changes the landscape of Europe‚Ä¶ https://t.co/erR8EL9RgB",0.296,0.109,0.0,0.891,9
109,@CBSNews,Tue Jul 10 18:14:32 +0000 2018,What's the deal with airline peanuts? Southwest Airlines says it will stop serving the snack on flights over concer‚Ä¶ https://t.co/xFyoU4hhXC,-0.296,0.0,0.104,0.896,10
110,@CBSNews,Tue Jul 10 17:59:50 +0000 2018,The Trump administration reportedly refused to promote breastfeeding. But global health experts say it has major be‚Ä¶ https://t.co/YBkVzkEPZk,0.0516,0.093,0.082,0.825,11
111,@CBSNews,Tue Jul 10 17:45:18 +0000 2018,"These twins may only be six years old, but they just saved a toddler from drowning. And now they're being hailed as‚Ä¶ https://t.co/mX1NXU89Mh",0.7227,0.232,0.0,0.768,12
112,@CBSNews,Tue Jul 10 17:29:34 +0000 2018,"The investigation into the deadly nerve agent used on an English couple is rapidly expanding, with police seizing a‚Ä¶ https://t.co/DoeEZrlDhb",0.0,0.0,0.0,1.0,13
113,@CBSNews,Tue Jul 10 17:14:58 +0000 2018,"""You're not coming"": Princess Charlotte stole the show at her little brother's christening this week, when she got‚Ä¶ https://t.co/2VUocuOyc8",0.0,0.0,0.0,1.0,14
114,@CBSNews,Tue Jul 10 17:00:02 +0000 2018,"Supreme Court nominee Brett Kavanaugh is ""not some right-wing extremist,"" says a Republican strategist who worked w‚Ä¶ https://t.co/9SUMQDcsSW",0.5574,0.184,0.0,0.816,15
115,@CBSNews,Tue Jul 10 16:00:38 +0000 2018,All 12 members of a Thai soccer team and their coach have been rescued after being trapped for more than two weeks‚Ä¶ https://t.co/nIh0Hu9A0w,-0.1531,0.107,0.13,0.763,16
116,@CBSNews,Tue Jul 10 15:44:42 +0000 2018,"Medic and three Navy SEALs who stayed with the boys in cave are now out, leader of the Thailand rescue says‚Ä¶ https://t.co/rN5TiQ1L75",0.5106,0.136,0.0,0.864,17
117,@CBSNews,Tue Jul 10 15:30:31 +0000 2018,"WATCH: A car sunk into an Arizona canal after a monsoon. When a rescuer dove in to see if someone was inside, a wom‚Ä¶ https://t.co/hTcrAL9Y9F",0.0,0.0,0.0,1.0,18
118,@CBSNews,Tue Jul 10 15:15:15 +0000 2018,"HOW DID THEY DO IT? After an 18-day rescue mission, divers have removed all 12 boys and their soccer coach. This is‚Ä¶ https://t.co/gkCSsyiHRJ",0.5106,0.13,0.0,0.87,19
119,@CBSNews,Tue Jul 10 14:59:36 +0000 2018,Does Roundup cause cancer? Lawyers for Monsanto go to first trial in giant legal battle alleging that product is le‚Ä¶ https://t.co/jTgstNQguQ,-0.7579,0.057,0.264,0.679,20
120,@CBSNews,Tue Jul 10 14:57:10 +0000 2018,"WATCH: Democratic leaders speak out against President Trump's Supreme Court nominee, Brett Kavanaugh‚Ä¶ https://t.co/Zg27cmICKi",0.5574,0.217,0.0,0.783,21
121,@CBSNews,Tue Jul 10 14:44:56 +0000 2018,Dozens of immigrant children to be reunited with parents on Tuesday https://t.co/AvkvTurWNW https://t.co/61V6fb79tx,0.0,0.0,0.0,1.0,22
122,@CBSNews,Tue Jul 10 14:29:56 +0000 2018,"""Dear America, appreciate your allies. After all, you don't have that many"": European Council President Donald Tusk‚Ä¶ https://t.co/GFLcnZf8mV",0.6486,0.249,0.0,0.751,23
123,@CBSNews,Tue Jul 10 14:14:59 +0000 2018,Shocking! IHOP admits it faked IHOb name change https://t.co/LnV3sPzHTh https://t.co/HdnP3OY8ey,-0.2003,0.167,0.227,0.606,24
124,@CBSNews,Tue Jul 10 14:06:06 +0000 2018,"Hard numbers:
- Analysts expect China to install almost 300 million surveillance cameras across the country by 2020‚Ä¶ https://t.co/4cYwAC5C6j",-0.1027,0.0,0.076,0.924,25
125,@CBSNews,Tue Jul 10 14:02:57 +0000 2018,U.S. allies are bracing for President Trump at this week's NATO summit in Brussels. Here's what you need to know:‚Ä¶ https://t.co/tQJiu2LbaO,0.0,0.0,0.0,1.0,26
126,@CBSNews,Tue Jul 10 14:00:21 +0000 2018,WATCH: Mischievous bear takes dip in man's hot tub and drinks the margarita he left behind üçπüêª‚Ä¶ https://t.co/U57QkzFERT,0.0,0.0,0.0,1.0,27
127,@CBSNews,Tue Jul 10 13:45:25 +0000 2018,There are 102 children under five years old still separated from their parents at the Southern U.S. Border. Despite‚Ä¶ https://t.co/1BpRMnLgj8,0.0,0.0,0.0,1.0,28
128,@CBSNews,Tue Jul 10 13:30:16 +0000 2018,George Clooney was taken to the hospital in Italy and released after being involved in an accident while riding his‚Ä¶ https://t.co/6E4PfMERCC,-0.4767,0.0,0.134,0.866,29
129,@CBSNews,Tue Jul 10 13:15:08 +0000 2018,"WATCH: Lightning strikes through 4th of July fireworks displays -- not once, but twice in two different states üå©üéÜ‚Ä¶ https://t.co/iXAiDoVt46",-0.1901,0.0,0.084,0.916,30
130,@CBSNews,Tue Jul 10 13:00:30 +0000 2018,"""Frankly, [Russian President] Putin may be the easiest of them all -- who would think?"" President Trump says on dea‚Ä¶ https://t.co/vXC9xz48fm",0.4215,0.123,0.0,0.877,31
131,@CBSNews,Tue Jul 10 12:40:19 +0000 2018,"Senate Minority Leader Chuck Schumer vows he will oppose Supreme Court nominee Brett Kavanuagh ""with everything I'v‚Ä¶ https://t.co/UhwY6S3cia",0.5574,0.175,0.0,0.825,32
132,@CBSNews,Tue Jul 10 12:19:57 +0000 2018,Restaurant owner from Illinois called to help rescue boys trapped in Thai cave https://t.co/q3q5E47lrv https://t.co/1Z7JTL7X0f,0.3818,0.28,0.159,0.561,33
133,@CBSNews,Tue Jul 10 12:13:22 +0000 2018,"RT @CBSThisMorning: According to Thai media, the parents of the first group of four boys have been allowed into the same hospital room with‚Ä¶",0.0,0.0,0.0,1.0,34
134,@CBSNews,Tue Jul 10 12:08:42 +0000 2018,"RT @CBSThisMorning: ‚ÄúThe boys in the hospital, they're expected to be there for at least seven days. They're being quarantined, and two may‚Ä¶",0.0,0.0,0.0,1.0,35
135,@CBSNews,Tue Jul 10 11:59:57 +0000 2018,Thai Navy SEAL team posts touching photo during international effort to rescue boys from cave‚Ä¶ https://t.co/iHiZeFEKRr,0.5106,0.18,0.0,0.82,36
136,@CBSNews,Tue Jul 10 11:51:04 +0000 2018,"‚ÄúThe parents said in a letter to the soccer coach, 'Don't feel bad. We support you, we do not blame you for what ha‚Ä¶ https://t.co/TozrxhJpzR",0.764,0.265,0.0,0.735,37
137,@CBSNews,Tue Jul 10 11:48:46 +0000 2018,19 divers were involved in today‚Äôs phase of the rescue operation. Three Thai Navy SEALS and a doctor were in the ca‚Ä¶ https://t.co/cG8B7WADOb,0.5106,0.136,0.0,0.864,38
138,@CBSNews,Tue Jul 10 11:41:10 +0000 2018,"‚Äú90 divers from around the world, the best of the best, came to save these boys, and in such a short period of time‚Ä¶ https://t.co/COvIFM3v6d",0.9118,0.356,0.0,0.644,39
139,@CBSNews,Tue Jul 10 11:40:22 +0000 2018,European Council President Donald Tusk issues a stern warning to President Trump ahead of meeting with NATO leaders‚Ä¶ https://t.co/EP1xlO2976,-0.34,0.0,0.124,0.876,40
140,@CBSNews,Tue Jul 10 11:38:23 +0000 2018,NEW: All twelve boys and their soccer coach are out of the cave in Thailand that they were trapped in for more than‚Ä¶ https://t.co/De8C3QmUp8,-0.5267,0.0,0.129,0.871,41
141,@CBSNews,Tue Jul 10 11:22:29 +0000 2018,RT @CBSThisMorning: Now on CBS: @SenSchumer reacts to the announcement of Brett Kavanaugh nominated to the Supreme Court. https://t.co/38Wn‚Ä¶,0.5574,0.167,0.0,0.833,42
142,@CBSNews,Tue Jul 10 11:20:01 +0000 2018,Commentary: The real reason conservatives will bet big on Brett Kavanaugh https://t.co/e3W1YrNy9c https://t.co/j4qlmrWocf,0.0,0.0,0.0,1.0,43
143,@CBSNews,Tue Jul 10 10:59:34 +0000 2018,Los Angeles authorities are searching for several suspects in the beating of a 92-year-old man out for a walk on th‚Ä¶ https://t.co/CfoQUSs3oJ,-0.6597,0.0,0.231,0.769,44
144,@CBSNews,Tue Jul 10 10:51:12 +0000 2018,RT @CBSThisMorning: Ahead on @CBSThisMorning: @SenSchumer will join us for his first interview following the announcement of Brett Kavanaug‚Ä¶,0.296,0.109,0.0,0.891,45
145,@CBSNews,Tue Jul 10 10:48:08 +0000 2018,RT @CBSThisMorning: Here's a look at what's ahead on @CBSThisMorning. Join us at 7 a.m. for the latest on #ThaiCaveResue. https://t.co/ZY7W‚Ä¶,0.296,0.109,0.0,0.891,46
146,@CBSNews,Tue Jul 10 10:45:48 +0000 2018,"""I looked back and it was like a war scene"": Survivor speaks out after multi-car crash kills man, 4 daughters‚Ä¶ https://t.co/5aMdaMAy5d",-0.7269,0.172,0.347,0.481,47
147,@CBSNews,Tue Jul 10 10:29:56 +0000 2018,"NEW: An 11th person has also been seen being carried out of the cave in Thailand, Reuters reports‚Ä¶ https://t.co/ylnP3aAGpT",0.0,0.0,0.0,1.0,48
148,@CBSNews,Tue Jul 10 10:22:30 +0000 2018,"""Medical professionals said that two [of the boys] may be dealing with lung infections or pneumonia, so they are wa‚Ä¶ https://t.co/39eiM6ZSb1",0.0,0.0,0.0,1.0,49
149,@CBSNews,Tue Jul 10 10:20:17 +0000 2018,"""What we know is that this was the 3rd day of rescue. The first day they got 4. The 2nd day they got 4. And today t‚Ä¶ https://t.co/W9ehZfc5qa",0.5106,0.109,0.0,0.891,50
150,@CBSNews,Tue Jul 10 10:16:22 +0000 2018,"""We spoke with an expert who's been helping to work on keeping the water level in the cave down,"" @AnnaWerner repor‚Ä¶ https://t.co/K0EYihRFkQ",0.296,0.095,0.0,0.905,51
151,@CBSNews,Tue Jul 10 10:09:11 +0000 2018,"MORE: Officials in Thailand say this is the third and final mission. They hope to rescue the boys and their coach,‚Ä¶ https://t.co/u0G46josBs",0.7351,0.237,0.0,0.763,52
152,@CBSNews,Tue Jul 10 10:07:20 +0000 2018,NEW: Two more members of a soccer team trapped underground for more than two weeks have just been brought out of a‚Ä¶ https://t.co/T1dZIBdvYV,-0.5267,0.0,0.139,0.861,53
153,@CBSNews,Tue Jul 10 10:03:03 +0000 2018,More than 200 sickened in Del Monte vegetable outbreak https://t.co/ksUSESDJBx https://t.co/qlf6Ne3ObE,-0.5809,0.0,0.273,0.727,54
154,@CBSNews,Tue Jul 10 09:56:05 +0000 2018,Why Social Security isn't going broke https://t.co/3FlM9ESpNa https://t.co/8LsvCpT6NK,0.5764,0.441,0.0,0.559,55
155,@CBSNews,Tue Jul 10 09:48:03 +0000 2018,China makes $8.46 from an iPhone. That's why a U.S. trade war is futile https://t.co/5XS9AgUtYX https://t.co/R1tgoSUHkq,-0.7783,0.0,0.343,0.657,56
156,@CBSNews,Tue Jul 10 09:33:04 +0000 2018,"3 children dead, 1 critically wounded in separate weekend gun accidents nationwide https://t.co/G6NCTSu5q6 https://t.co/zO3pZ0Z9gb",-0.8402,0.0,0.5,0.5,57
157,@CBSNews,Tue Jul 10 09:18:04 +0000 2018,Welcome to Los Angeles? Mural celebrating LeBron James joining the Lakers vandalized https://t.co/DIlytnFCLJ https://t.co/ghUsrBotH0,0.7717,0.358,0.0,0.642,58
158,@CBSNews,Tue Jul 10 09:03:04 +0000 2018,"Sacha Baron Cohen announces new show, ""Who is America?"" https://t.co/F5HjEBoHBJ https://t.co/O2OamEvge8",0.0,0.0,0.0,1.0,59
159,@CBSNews,Tue Jul 10 08:48:04 +0000 2018,Suspect arrested for fracturing man's skull with a pipe in attack on NYC subway https://t.co/v25NRAL0Uv https://t.co/fQJHNaCavu,-0.8126,0.0,0.412,0.588,60
160,@CBSNews,Tue Jul 10 08:33:03 +0000 2018,Boris Johnson resigns as British foreign secretary https://t.co/RgYRmIwxNm https://t.co/VLIPVdeZw7,-0.3182,0.0,0.223,0.777,61
161,@CBSNews,Tue Jul 10 08:18:04 +0000 2018,Private equity firms are the new predatory lenders: Report https://t.co/2QKSa7r23p https://t.co/aMNAFG1two,0.0,0.0,0.0,1.0,62
162,@CBSNews,Tue Jul 10 08:14:05 +0000 2018,Suspects sought in beating of 92-year-old man on sidewalk https://t.co/UA8O7nUX9N https://t.co/wCzfUGOTPc,-0.6597,0.0,0.375,0.625,63
163,@CBSNews,Tue Jul 10 08:03:04 +0000 2018,When an IRA beats a 401(k) for your retirement savings https://t.co/AwR5Ai33nq https://t.co/9l7ZssyttJ,0.0,0.0,0.0,1.0,64
164,@CBSNews,Tue Jul 10 07:48:03 +0000 2018,Army recruit promised pathway to citizenship faces uncertain future https://t.co/xIzRqsGA0c https://t.co/LqdZQASeiw,0.0772,0.182,0.161,0.657,65
165,@CBSNews,Tue Jul 10 07:33:03 +0000 2018,Trump tweet slams Pfizer over drug price hikes https://t.co/VmP30hKsKh https://t.co/RapLB8Tf2y,0.0,0.0,0.0,1.0,66
166,@CBSNews,Tue Jul 10 07:18:03 +0000 2018,Woman fired for calling police on black man wearing socks in pool https://t.co/z69qRvAqjU https://t.co/jovMgZEQMa,-0.5574,0.0,0.217,0.783,67
167,@CBSNews,Tue Jul 10 07:03:03 +0000 2018,Build-A-Bear Workshop to let age determine cost https://t.co/q7xjNXub0V https://t.co/K4WwuviSXb,0.0,0.0,0.0,1.0,68
168,@CBSNews,Tue Jul 10 06:48:04 +0000 2018,Mayor: Officer seen Tasing man sitting on curb won't be suspended https://t.co/AQ161w3Yf0 https://t.co/ZEdhDBBKDt,0.3724,0.175,0.0,0.825,69
169,@CBSNews,Tue Jul 10 06:33:03 +0000 2018,Russia launches Progress supply ship on fastest trip ever to International Space Station https://t.co/PRgoUfatRg https://t.co/Q7a5KSbYUF,0.4215,0.167,0.0,0.833,70
170,@CBSNews,Tue Jul 10 06:18:03 +0000 2018,Former FBI lawyer Lisa Page fighting congressional deposition https://t.co/XLCaQYHq12 https://t.co/iPdY48Pc6F,-0.3612,0.0,0.217,0.783,71
171,@CBSNews,Tue Jul 10 06:03:03 +0000 2018,Reactions to Trump's decision to nominate Brett Kavanaugh https://t.co/FaJNttZrSR https://t.co/i5H3H2DLoW,0.0,0.0,0.0,1.0,72
172,@CBSNews,Tue Jul 10 06:00:26 +0000 2018,Trump vowed to nominate justices who would overturn Roe v. Wade. Will nominee Brett Kavanaugh do just that?‚Ä¶ https://t.co/gly1E3tVv8,0.0,0.0,0.0,1.0,73
173,@CBSNews,Tue Jul 10 05:48:04 +0000 2018,"""This is what we call a miracle"": Baby survives 9 hours buried under debris in woods https://t.co/1dwBeB7HTv https://t.co/g8LajsnObF",0.0,0.0,0.0,1.0,74
174,@CBSNews,Tue Jul 10 05:33:03 +0000 2018,Nuclear option: Why Trump's Supreme Court pick needs only 51 votes https://t.co/R52S4ovyJJ https://t.co/DQbwY5d6TA,0.5574,0.231,0.0,0.769,75
175,@CBSNews,Tue Jul 10 05:18:04 +0000 2018,China makes $8.46 from an iPhone. That's why a U.S. trade war is futile https://t.co/rNY9gg2odB https://t.co/lhgiXkF4rF,-0.7783,0.0,0.343,0.657,76
176,@CBSNews,Tue Jul 10 05:04:29 +0000 2018,HAPPENING NOW: Third rescue mission is now underway to save the five remaining people trapped in a cave in Thailand‚Ä¶ https://t.co/0zooCwFdkZ,0.4767,0.242,0.126,0.632,77
177,@CBSNews,Tue Jul 10 05:03:03 +0000 2018,New Jersey woman on oxygen dies after PSE&amp;G cuts off power to her home https://t.co/K56sNet5C1 https://t.co/tygZn9SDjV,-0.296,0.0,0.128,0.872,78
178,@CBSNews,Tue Jul 10 04:48:02 +0000 2018,Queen Elizabeth and Prince Philip miss Prince Louis‚Äô christening https://t.co/g2yBUK4glG https://t.co/9YEx6YWdqk,-0.1531,0.0,0.138,0.862,79
179,@CBSNews,Tue Jul 10 04:33:03 +0000 2018,Tropical Storm Chris expected to strengthen to hurricane off East Coast https://t.co/5I62h6sD47 https://t.co/380t7T2Dk1,0.3182,0.161,0.0,0.839,80
180,@CBSNews,Tue Jul 10 04:18:03 +0000 2018,Commentary: Don't destroy the Supreme Court to save it from Trump https://t.co/ULZYto7F3J https://t.co/U0sTXnScdP,0.4812,0.319,0.154,0.527,81
181,@CBSNews,Tue Jul 10 04:10:05 +0000 2018,"Who is Martha Kavanaugh, Brett Kavanaugh's mother? https://t.co/DR1fGpmWWs https://t.co/FVeoNy5gbW",0.0,0.0,0.0,1.0,82
182,@CBSNews,Tue Jul 10 04:03:06 +0000 2018,"New details emerge after N.J. mom survives crash that killed husband, 4 daughters https://t.co/KdaKIyK28L https://t.co/2QJTPCwGvt",-0.802,0.0,0.375,0.625,83
183,@CBSNews,Tue Jul 10 03:39:32 +0000 2018,Justin Bieber and Hailey Baldwin confirm their engagement on social media: https://t.co/SyJcDpeuyZ https://t.co/lu4fUV36x3,0.4588,0.2,0.0,0.8,84
184,@CBSNews,Tue Jul 10 03:18:47 +0000 2018,"""He's going to be tough to the media"": Judge Kavanaugh's former law clerk says President Trump's Supreme Court nomi‚Ä¶ https://t.co/cNvuyr66Kg",0.4767,0.156,0.065,0.779,85
185,@CBSNews,Tue Jul 10 02:59:09 +0000 2018,"Q: Tell me what it was like to clerk for Judge Kavanaugh.

 Judge Kavanaugh's fmr. law clerk:  Well, it could be a‚Ä¶ https://t.co/1C14IPzkXr",0.5574,0.18,0.0,0.82,86
186,@CBSNews,Tue Jul 10 02:55:04 +0000 2018,"""Brett Kavanaugh probably is not the most offensive person you could have picked, but that doesn't make him any les‚Ä¶ https://t.co/7M7HxDEEDO",0.214,0.085,0.0,0.915,87
187,@CBSNews,Tue Jul 10 02:36:20 +0000 2018,Federal judge denies Trump administration request to detain immigrant children https://t.co/lpKpfC9jKt https://t.co/9wJfaNBJAV,-0.6808,0.0,0.359,0.641,88
188,@CBSNews,Tue Jul 10 02:29:27 +0000 2018,RT @CBSThisMorning: First on @CBSThisMorning: @SenSchumer will join us for his first interview following the announcement of Brett Kavanaug‚Ä¶,0.296,0.109,0.0,0.891,89
189,@CBSNews,Tue Jul 10 02:12:54 +0000 2018,"""He excelled as a clerk for Justice Kennedy"": President Trump says nominee Brett Kavanaugh worked for the very same‚Ä¶ https://t.co/nT8DvnBP7D",0.765,0.28,0.0,0.72,90
190,@CBSNews,Tue Jul 10 01:44:07 +0000 2018,"Sen. Schumer blasts President Trump's SCOTUS nominee: ""In selecting Judge Brett Kavanaugh for the Supreme Court, Pr‚Ä¶ https://t.co/x2LcjZYBt9",0.5574,0.175,0.0,0.825,91
191,@CBSNews,Tue Jul 10 01:39:59 +0000 2018,President Trump nominated Judge Brett Kavanaugh to the Supreme Court seat being vacated by retiring Justice Anthony‚Ä¶ https://t.co/TCFHF77bw3,0.7906,0.304,0.0,0.696,92
192,@CBSNews,Tue Jul 10 01:24:44 +0000 2018,"""The girls on the team call me 'Coach K'"": SCOTUS nominee Judge Brett Kavanaugh discusses family life during announ‚Ä¶ https://t.co/p2ezT6ZCsq",0.0,0.0,0.0,1.0,93
193,@CBSNews,Tue Jul 10 01:13:21 +0000 2018,"""A true thought leader among his peers,"" says President Trump of his SCOTUS justice nominee Brett Kavanaugh‚Ä¶ https://t.co/042k2CmfEI",0.7351,0.279,0.0,0.721,94
194,@CBSNews,Tue Jul 10 01:08:57 +0000 2018,BREAKING: President Trump nominates Brett Kavanaugh for the Supreme Court https://t.co/cze8lSrtok https://t.co/3gPSwkwnKd,0.5574,0.247,0.0,0.753,95
195,@CBSNews,Tue Jul 10 00:54:54 +0000 2018,Dog feared dead in Virginia helicopter crash found alive inside damaged home nearly a day later‚Ä¶ https://t.co/f9KmCehJ89,-0.8885,0.097,0.491,0.412,96
196,@CBSNews,Tue Jul 10 00:40:43 +0000 2018,Giants defensive tackle A.J. Francis says TSA agents spilled his late mother's ashes in his suitcase during an insp‚Ä¶ https://t.co/T4NApMIlmo,0.0258,0.055,0.0,0.945,97
197,@CBSNews,Tue Jul 10 00:34:57 +0000 2018,LIVE: President Trump is announcing his nominee for the next Supreme Court justice tonight. Watch CBSN special cove‚Ä¶ https://t.co/VHo7S6ukC5,0.8658,0.377,0.0,0.623,98
198,@CBSNews,Tue Jul 10 00:22:33 +0000 2018,"""It was so unexpected"": Couple describes finding wedding ring in ashes of their burned-down home‚Ä¶ https://t.co/24pNHvrr6O",0.0,0.0,0.0,1.0,99
199,@CBSNews,Tue Jul 10 00:00:38 +0000 2018,FINAL FOUR: President Trump will announce his Supreme Court nominee tonight. These are the top contenders.‚Ä¶ https://t.co/s5FlpV9xFP,0.6597,0.265,0.0,0.735,100
200,@CNN,Tue Jul 10 20:16:06 +0000 2018,"Peanuts have long been the snack du jour for Southwest Airlines, but the airline will stop serving them as of Augus‚Ä¶ https://t.co/2h0b4goKah",-0.4215,0.0,0.118,0.882,1
201,@CNN,Tue Jul 10 20:13:48 +0000 2018,"RT @CNNnewsroom: Supreme Court Biographer Joan Biskupic breaks down Kavanaugh's role in flashpoint events since the 1990's, including the C‚Ä¶",0.5574,0.159,0.0,0.841,2
202,@CNN,Tue Jul 10 20:11:04 +0000 2018,Motel 6 has reached a tentative agreement in a lawsuit that claims it discriminated against some of its Latino gues‚Ä¶ https://t.co/o9us6o9khu,0.4019,0.214,0.088,0.698,3
203,@CNN,Tue Jul 10 20:07:45 +0000 2018,"RT @CNNnewsroom: ""This is the heroic period ... lots of people are talking about it ... when all the attention is gone, but all the psychol‚Ä¶",0.3182,0.084,0.0,0.916,4
204,@CNN,Tue Jul 10 20:03:35 +0000 2018,The father of one of the boys rescued from a Thai cave waited 17 days on a mountainside for the trapped soccer play‚Ä¶ https://t.co/nmbIemOUIc,-0.1531,0.107,0.13,0.763,5
205,@CNN,Tue Jul 10 20:00:25 +0000 2018,France defeats Belgium 1-0 and will face either England or Croatia in the #WorldCup final https://t.co/mvWQRkMYFy https://t.co/YDw0Sa4XkZ,-0.3182,0.0,0.126,0.874,6
206,@CNN,Tue Jul 10 19:45:51 +0000 2018,The last Sears in Chicago is closing https://t.co/WASD71GoZZ https://t.co/a8A6m3t0WH,0.0,0.0,0.0,1.0,7
207,@CNN,Tue Jul 10 19:33:18 +0000 2018,A $40 million facility billed as the world's largest vertical farm is coming to Dubai https://t.co/fF65Fqg8sF via‚Ä¶ https://t.co/gR1irAuOrS,0.0,0.0,0.0,1.0,8
208,@CNN,Tue Jul 10 19:29:54 +0000 2018,"Babies sleep better when they begin solid food early, study says https://t.co/Ec3ZGIP6Rp https://t.co/j0RGX83zrq",0.5423,0.29,0.0,0.71,9
209,@CNN,Tue Jul 10 18:55:05 +0000 2018,President Trump's former personal driver of more than 20 years has filed a lawsuit against the Trump Organization a‚Ä¶ https://t.co/H4XbQAuSC8,-0.2263,0.0,0.095,0.905,10
210,@CNN,Tue Jul 10 18:45:06 +0000 2018,George Clooney has been released from an Italian hospital after being thrown over the top of his scooter when he wa‚Ä¶ https://t.co/4fKUYIPHyn,0.2023,0.079,0.0,0.921,11
211,@CNN,Tue Jul 10 18:35:07 +0000 2018,A Florida man had a heart attack while laying sod in his front yard to avoid getting a fine from his homeowner's as‚Ä¶ https://t.co/M8bVYI1axQ,-0.5423,0.072,0.211,0.717,12
212,@CNN,Tue Jul 10 18:25:06 +0000 2018,There's a British campaign to make Green Day's 'American Idiot' the No. 1 song when President Trump arrives‚Ä¶ https://t.co/ArVbxrjzNh,-0.6705,0.0,0.268,0.732,13
213,@CNN,Tue Jul 10 18:15:09 +0000 2018,Parents across the UK are complaining that their babies are ill after using some Aptamil baby milk formulas‚Ä¶ https://t.co/FpoaYRgJH6,-0.5574,0.0,0.213,0.787,14
214,@CNN,Tue Jul 10 18:05:13 +0000 2018,Tesla is going big in China https://t.co/fJWLsvLRUh https://t.co/MRnl988zHq,0.0,0.0,0.0,1.0,15
215,@CNN,Tue Jul 10 17:46:23 +0000 2018,"RAICES, the Texas nonprofit raising money to help reunite families separated at the US-Mexico border, says it will‚Ä¶ https://t.co/PSL7bHBCnx",0.4019,0.13,0.0,0.87,16
216,@CNN,Tue Jul 10 17:40:00 +0000 2018,"The ""blind"" Cheetah 3 robot developed by the MIT is designed to avoid obstacles and climb stairs using ""feel"" inste‚Ä¶ https://t.co/UzWQDHVUUg",-0.5859,0.0,0.211,0.789,17
217,@CNN,Tue Jul 10 17:35:08 +0000 2018,Newly-discovered fossils suggest giant dinosaurs evolved millions of years earlier than scientists thought https://t.co/ShkTrSUPNg,0.0,0.0,0.0,1.0,18
218,@CNN,Tue Jul 10 17:20:09 +0000 2018,A 5-month-old boy was left partially buried in the mountains of Montana for at least nine hours before being discov‚Ä¶ https://t.co/iTEIKbKahM,0.0,0.0,0.0,1.0,19
219,@CNN,Tue Jul 10 17:15:00 +0000 2018,"Chicago has been Sears' headquarters for a century. Now, the struggling retailer is closing its last location there‚Ä¶ https://t.co/Rk6hPJaSRj",-0.4215,0.0,0.141,0.859,20
220,@CNN,Tue Jul 10 17:10:04 +0000 2018,Serena Williams rallies to reach Wimbledon semifinals https://t.co/WkBT8PeKdt https://t.co/10jtgrHe3L,0.0258,0.121,0.0,0.879,21
221,@CNN,Tue Jul 10 17:00:00 +0000 2018,Electric scooters have overtaken the streets in several cities around the world. Now lawmakers are struggling to re‚Ä¶ https://t.co/0VwWw6xb8M,-0.4215,0.0,0.135,0.865,22
222,@CNN,Tue Jul 10 16:50:06 +0000 2018,Brits are changing their tune on immigrant workers https://t.co/szJ4RwqYAr https://t.co/t1i78uHXra,0.0,0.0,0.0,1.0,23
223,@CNN,Tue Jul 10 16:40:11 +0000 2018,"Wildlife rangers in northern Australia captured this massive 1,300 pound crocodile after first spotting it nearly a‚Ä¶ https://t.co/ssI3PPSsAO",0.0,0.0,0.0,1.0,24
224,@CNN,Tue Jul 10 16:30:01 +0000 2018,This Kenyan coffee farmer uses cow manure to power her biogas stove https://t.co/NalTvfynFd https://t.co/e9K4Sh3k12,0.0,0.0,0.0,1.0,25
225,@CNN,Tue Jul 10 16:20:50 +0000 2018,"Now that 12 boys and their coach have been freed from a cave in Thailand, doctors are monitoring their health, look‚Ä¶ https://t.co/d9lTmFtbu4",0.4019,0.119,0.0,0.881,26
226,@CNN,Tue Jul 10 16:10:05 +0000 2018,"A charter jet crashed in the South African capital of Pretoria on Tuesday afternoon, leaving about 20 people injure‚Ä¶ https://t.co/x4z1Wo2n9B",0.0,0.0,0.0,1.0,27
227,@CNN,Tue Jul 10 16:00:11 +0000 2018,"After nine years, 16 trophies and 451 goals, Cristiano Ronaldo is leaving Real Madrid for Juventus‚Ä¶ https://t.co/6AGwcNjfzn",0.0,0.0,0.0,1.0,28
228,@CNN,Tue Jul 10 15:54:26 +0000 2018,Emirati landscape designer Kamelia Bin Zaal is educating people about the beauty and sustainability of indigenous p‚Ä¶ https://t.co/IlR0aoMaCI,0.5859,0.183,0.0,0.817,29
229,@CNN,Tue Jul 10 15:49:05 +0000 2018,George Clooney has been released from an Italian hospital after being thrown over the top of his scooter when he wa‚Ä¶ https://t.co/utFdAic7dz,0.2023,0.079,0.0,0.921,30
230,@CNN,Tue Jul 10 15:38:06 +0000 2018,"The morning after he was nominated to become a Supreme Court justice, Brett Kavanaugh is on Capitol Hill, meeting w‚Ä¶ https://t.co/bv8PLYyVXi",0.7906,0.28,0.0,0.72,31
231,@CNN,Tue Jul 10 15:29:33 +0000 2018,US Air Force Capt. Jessica Tait discusses the advise and assist role the US played in helping to rescue all 12 memb‚Ä¶ https://t.co/G4zov1G5Yn,0.7845,0.283,0.0,0.717,32
232,@CNN,Tue Jul 10 15:25:09 +0000 2018,A Democratic senator from Hawaii is leaving open the possibility of voting for President Trump's Supreme Court nomi‚Ä¶ https://t.co/P5lsC6DtnL,0.5574,0.175,0.0,0.825,33
233,@CNN,Tue Jul 10 15:21:00 +0000 2018,A recent study found that humans on the moon increased its temperature. Here's why: https://t.co/PdagTRQmin https://t.co/gPOQjqe4xk,0.2732,0.13,0.0,0.87,34
234,@CNN,Tue Jul 10 15:15:04 +0000 2018,President Trump pardons two men who were involved in a dispute with federal authorities over federal land usage tha‚Ä¶ https://t.co/UZWy0gkL0w,-0.128,0.1,0.123,0.776,35
235,@CNN,Tue Jul 10 15:02:50 +0000 2018,Why Corporate America is recruiting high schoolers https://t.co/46CL2xpM2L https://t.co/SYEA6dSCOo,0.0,0.0,0.0,1.0,36
236,@CNN,Tue Jul 10 14:50:39 +0000 2018,"JUST IN: Three remaining divers and a doctor are now out of the cave, mission commander Narongsak Osotthanakorn sai‚Ä¶ https://t.co/mqaDKVTk53",0.0,0.0,0.0,1.0,37
237,@CNN,Tue Jul 10 14:44:38 +0000 2018,"Liu Xia, the widow of Chinese Nobel Peace Prize laureate Liu Xiaobo, smiles as she arrives at Helsinki Internationa‚Ä¶ https://t.co/MzF12pGkN3",0.872,0.368,0.0,0.632,38
238,@CNN,Tue Jul 10 14:32:40 +0000 2018,President Trump says the solution to the current crisis of thousands of undocumented children being separated from‚Ä¶ https://t.co/TfR8Hv0HuT,-0.4215,0.103,0.183,0.714,39
239,@CNN,Tue Jul 10 14:20:10 +0000 2018,"President Trump says he plans to give a copy of the Elton John hit song ""Rocket Man"" to North Korean leader Kim Jon‚Ä¶ https://t.co/q1vF1mNN4A",0.0,0.0,0.0,1.0,40
240,@CNN,Tue Jul 10 14:10:00 +0000 2018,President Trump has nominated Judge Brett Kavanaugh to fill the seat created by Justice Anthony Kennedy's retiremen‚Ä¶ https://t.co/gyMjGP9Vjd,0.6597,0.252,0.0,0.748,41
241,@CNN,Tue Jul 10 14:03:16 +0000 2018,"Bruises cover the face of Rodolfo Rodriguez, 91, who says he was attacked by a group of people while going for a wa‚Ä¶ https://t.co/yVr3cBkJsJ",-0.4588,0.0,0.125,0.875,42
242,@CNN,Tue Jul 10 13:53:21 +0000 2018,The 25-year-old coach of the Wild Boars soccer team was the last to be rescued from the cave -- and his hometown ha‚Ä¶ https://t.co/TPmNxM1lqK,0.4215,0.109,0.0,0.891,43
243,@CNN,Tue Jul 10 13:42:53 +0000 2018,Former national security adviser Michael Flynn just arrived at a US district court in Washington for a procedural h‚Ä¶ https://t.co/gsRewfqlJr,0.34,0.124,0.0,0.876,44
244,@CNN,Tue Jul 10 13:34:03 +0000 2018,"President Trump says that he has not brought up the issue of abortion with his new Supreme Court nominee, Brett Kav‚Ä¶ https://t.co/OAtpFYCD2f",0.5574,0.146,0.0,0.854,45
245,@CNN,Tue Jul 10 13:23:21 +0000 2018,A city once known as America's foreclosure capital will become the first in the US to participate in a test of Univ‚Ä¶ https://t.co/4dFaRfXk86,-0.128,0.0,0.07,0.93,46
246,@CNN,Tue Jul 10 13:08:26 +0000 2018,President Trump's former personal driver of more than 20 years has filed a lawsuit against the Trump Organization a‚Ä¶ https://t.co/HOSyWB1ud6,-0.2263,0.0,0.095,0.905,47
247,@CNN,Tue Jul 10 12:55:48 +0000 2018,Rudy Giuliani is working with foreign clients as he continues to advise President Trump on the Russia investigation‚Ä¶ https://t.co/dSacCi3git,0.0,0.0,0.0,1.0,48
248,@CNN,Tue Jul 10 12:41:24 +0000 2018,An Illinois park is investigating after a woman accused one of its police officers of standing by as a man harassed‚Ä¶ https://t.co/HzIUE6wCP1,-0.296,0.0,0.104,0.896,49
249,@CNN,Tue Jul 10 12:29:41 +0000 2018,President Trump says his easiest meeting on his foreign trip to Europe during the next week may be his sit down wit‚Ä¶ https://t.co/uW9fCHcSQP,0.4215,0.113,0.0,0.887,50
250,@CNN,Tue Jul 10 12:14:49 +0000 2018,Thai Navy SEALs were still waiting for four divers to come out of the cave complex following the rescue of the 12 b‚Ä¶ https://t.co/brKDViOmBo,0.5106,0.125,0.0,0.875,51
251,@CNN,Tue Jul 10 12:02:15 +0000 2018,BREAKING: All 12 boys and their coach from the youth soccer team trapped in a flooded Thai cave for nearly three we‚Ä¶ https://t.co/nbujqz8ibK,-0.5267,0.0,0.139,0.861,52
252,@CNN,Tue Jul 10 12:00:16 +0000 2018,A New Jersey woman who depended on an electric-powered oxygen tank to breathe died hours after power was cut off to‚Ä¶ https://t.co/rvgkGVZflB,-0.6908,0.0,0.231,0.769,53
253,@CNN,Tue Jul 10 11:50:06 +0000 2018,A Florida man had a heart attack while laying sod in his front yard to avoid getting a fine from his homeowner's as‚Ä¶ https://t.co/WsXB8dlLbG,-0.5423,0.072,0.211,0.717,54
254,@CNN,Tue Jul 10 11:40:04 +0000 2018,Where Supreme Court nominee Brett Kavanaugh stands on key issues https://t.co/DHW2MSvdCw https://t.co/xlP8EkJ7xt,0.5574,0.247,0.0,0.753,55
255,@CNN,Tue Jul 10 11:30:11 +0000 2018,President Trump's remarkably predictable and practical Supreme Court pick | Analysis by @CillizzaCNN‚Ä¶ https://t.co/n6l8RO956j,0.5574,0.231,0.0,0.769,56
256,@CNN,Tue Jul 10 11:20:03 +0000 2018,Tesla has increased the cost of its flagship models in the world's biggest auto market by around 20% after China im‚Ä¶ https://t.co/Mh5mXOgCse,0.3612,0.149,0.0,0.851,57
257,@CNN,Tue Jul 10 11:10:09 +0000 2018,"5 things for Tuesday:

- Supreme Court
- Thailand cave rescue
- Separated families
- Brexit
- Plastic straws‚Ä¶ https://t.co/3gCN5Zuihi",0.7845,0.365,0.0,0.635,58
258,@CNN,Tue Jul 10 11:00:03 +0000 2018,George Clooney has been released from an Italian hospital after being thrown over the top of his scooter when he wa‚Ä¶ https://t.co/BnTYHxQZZI,0.2023,0.079,0.0,0.921,59
259,@CNN,Tue Jul 10 10:50:04 +0000 2018,Small states are getting a much bigger say in who gets on the Supreme Court | Analysis by @RonBrownstein‚Ä¶ https://t.co/xAd2tH7Lvo,0.5574,0.175,0.0,0.825,60
260,@CNN,Tue Jul 10 10:36:42 +0000 2018,Another former OSU wrestler says Jim Jordan knew about alleged abuse https://t.co/ot6uKBR6yo https://t.co/gwoSqIwkBi,-0.6369,0.0,0.259,0.741,61
261,@CNN,Tue Jul 10 10:22:55 +0000 2018,"JUST IN: An eleventh boy has been rescued from the Thai cave, according to an eyewitness who is part of the rescue‚Ä¶ https://t.co/HtS6z3ApV4",0.4215,0.113,0.0,0.887,62
262,@CNN,Tue Jul 10 10:11:51 +0000 2018,"Former national security adviser Michael Flynn, the only former Trump administration official so far charged in the‚Ä¶ https://t.co/8k4LYe5qwh",0.0828,0.117,0.101,0.781,63
263,@CNN,Tue Jul 10 09:49:27 +0000 2018,BREAKING: A tenth boy has been brought out of the Thai caves. Two boys and their soccer coach remain inside as resc‚Ä¶ https://t.co/QeL33w9Efm,0.0,0.0,0.0,1.0,64
264,@CNN,Tue Jul 10 09:26:51 +0000 2018,"JUST IN: A ninth boy has been rescued from a Thai cave, after more than two weeks trapped there. 

Three boys and t‚Ä¶ https://t.co/zavDr8txEO",-0.1531,0.107,0.13,0.763,65
265,@CNN,Tue Jul 10 09:17:03 +0000 2018,"What weighs 600 kilograms, is 4.71 meters long and is believed to be more than 60-years-old? This captured croc.‚Ä¶ https://t.co/6VyoPTsAJ9",0.0,0.0,0.0,1.0,66
266,@CNN,Tue Jul 10 09:05:06 +0000 2018,The world's largest vertical farm is coming to Dubai https://t.co/fF65FpYxB7 via @CNNTravel https://t.co/QtBigHlPdx,0.0,0.0,0.0,1.0,67
267,@CNN,Tue Jul 10 08:53:57 +0000 2018,Donald Trump's remarkably predictable and practical Supreme Court pick | Analysis by @CillizzaCNN‚Ä¶ https://t.co/TlNgJ56GiR,0.5574,0.231,0.0,0.769,68
268,@CNN,Tue Jul 10 08:13:35 +0000 2018,"Kavanaugh pick was scripted end to Trump's reality show | Analysis by @StCollinson, @JDiamond1 and @jeffzeleny‚Ä¶ https://t.co/HXHjMAeiXv",0.0,0.0,0.0,1.0,69
269,@CNN,Tue Jul 10 07:36:54 +0000 2018,RT @cnni: We're live on Facebook near the Thai cave where an operation to rescue the final four trapped boys and their soccer coach is unde‚Ä¶,-0.0258,0.107,0.111,0.782,70
270,@CNN,Tue Jul 10 07:06:07 +0000 2018,"In an experiment, Australian scientists have successfully wiped out more than 80% of disease-carrying mosquitoes in‚Ä¶ https://t.co/wAX3QEbyQQ",0.4939,0.167,0.0,0.833,71
271,@CNN,Tue Jul 10 06:52:05 +0000 2018,"The Samoan government has launched an inquiry into the deaths of two one-year-old infants, who died within minutes‚Ä¶ https://t.co/IkrBtdhuFL",-0.4767,0.068,0.163,0.769,72
272,@CNN,Tue Jul 10 06:48:44 +0000 2018,"RT @CuomoPrimeTime: President Trump‚Äôs Supreme Court pick Brett Kavanaugh has an ""enormously expansive"" vision of presidential power that is‚Ä¶",0.7076,0.257,0.0,0.743,73
273,@CNN,Tue Jul 10 06:40:05 +0000 2018,UK's Theresa May attempts to salvage Brexit strategy amid attacks from all sides https://t.co/ZnyVTdRBhi https://t.co/ALbTJ6lieW,-0.4404,0.0,0.172,0.828,74
274,@CNN,Tue Jul 10 06:31:05 +0000 2018,"Bruises cover the face of Rodolfo Rodriguez, 91, who says he was attacked by a group of people while going for a wa‚Ä¶ https://t.co/payG3R8r4t",-0.4588,0.0,0.125,0.875,75
275,@CNN,Tue Jul 10 06:03:53 +0000 2018,"Liu Xia, the wife of late Nobel Peace Prize laureate Liu Xiaobo flies to Germany after 8 years of house arrest, acc‚Ä¶ https://t.co/ibMwU54q6m",0.6597,0.241,0.085,0.674,76
276,@CNN,Tue Jul 10 06:01:05 +0000 2018,"Babies sleep better when they begin solid food early, study says https://t.co/9z2Ly911FT https://t.co/fsfocg2Vj6",0.5423,0.29,0.0,0.71,77
277,@CNN,Tue Jul 10 05:47:07 +0000 2018,"The mission to rescue the four final boys and their soccer coach from a cave in northern Thailand is underway. 

Re‚Ä¶ https://t.co/eraCcUDXSn",0.5106,0.142,0.0,0.858,78
278,@CNN,Tue Jul 10 05:46:00 +0000 2018,"The ""blind"" Cheetah 3 robot developed by the MIT is designed to avoid obstacles and climb stairs using ""feel"" inste‚Ä¶ https://t.co/52mHJuE5lR",-0.5859,0.0,0.211,0.789,79
279,@CNN,Tue Jul 10 05:31:07 +0000 2018,YouTube says it has a plan to stem the flow of misinformation videos https://t.co/2QALq0Zy83 https://t.co/apZaodgNqk,-0.3182,0.0,0.15,0.85,80
280,@CNN,Tue Jul 10 05:16:00 +0000 2018,A recent study found that humans on the moon increased its temperature. Here's why: https://t.co/PdagTRQmin https://t.co/AmoQwTPa0d,0.2732,0.13,0.0,0.87,81
281,@CNN,Tue Jul 10 05:01:06 +0000 2018,"She found her ring in the ashes of their home, so he proposed all over again https://t.co/0axkibJEPg https://t.co/Yvny48JnCD",0.0,0.0,0.0,1.0,82
282,@CNN,Tue Jul 10 04:46:00 +0000 2018,Electric scooters have overtaken the streets in several cities around the world. Now lawmakers are struggling to re‚Ä¶ https://t.co/pfI5ltM0Eo,-0.4215,0.0,0.135,0.865,83
283,@CNN,Tue Jul 10 04:31:07 +0000 2018,A planned project in Dubai that's being billed as the world's largest vertical farm will soon feed the Middle East'‚Ä¶ https://t.co/eOEjmWZi7g,0.0,0.0,0.0,1.0,84
284,@CNN,Tue Jul 10 04:16:00 +0000 2018,Starbucks is going strawless. The coffee company announced Monday that it will phase out plastic straws from all of‚Ä¶ https://t.co/m3cbMiBf2S,0.0,0.0,0.0,1.0,85
285,@CNN,Tue Jul 10 04:08:03 +0000 2018,A Florida man had a heart attack while laying sod in his front yard to avoid getting a fine from his homeowner's as‚Ä¶ https://t.co/Sy8W3CJv78,-0.5423,0.072,0.211,0.717,86
286,@CNN,Tue Jul 10 04:01:00 +0000 2018,"Chicago has been Sears' headquarters for a century. Now, the struggling retailer is closing its last location in th‚Ä¶ https://t.co/5PckWUh8s9",-0.4215,0.0,0.135,0.865,87
287,@CNN,Tue Jul 10 03:46:04 +0000 2018,"Johnny Depp is being sued by a location manager who worked on his upcoming movie ""City of Lies"" for allegedly punch‚Ä¶ https://t.co/ys1O8m7L5G",-0.4215,0.0,0.123,0.877,88
288,@CNN,Tue Jul 10 03:31:10 +0000 2018,The National Republican Congressional Committee has pulled its support for a New Jersey Republican congressional no‚Ä¶ https://t.co/bFIiFZuFxK,0.4019,0.153,0.0,0.847,89
289,@CNN,Tue Jul 10 03:27:33 +0000 2018,President Trump has nominated Judge Brett Kavanaugh to fill the seat created by Justice Anthony Kennedy's retiremen‚Ä¶ https://t.co/Yks3oSBjW2,0.6597,0.252,0.0,0.748,90
290,@CNN,Tue Jul 10 03:25:06 +0000 2018,J.M. Smucker is offloading the Pillsbury Doughboy and other baking brands https://t.co/xcHkjhULIX https://t.co/mcSkSlzXS7,0.0,0.0,0.0,1.0,91
291,@CNN,Tue Jul 10 03:22:32 +0000 2018,"RT @CNNTonight: ""The truth is, this pick is a disaster for the American people. The reality is, that ... Brett Kavanaugh is a judge ... who‚Ä¶",-0.4215,0.081,0.144,0.775,92
292,@CNN,Tue Jul 10 03:16:02 +0000 2018,The Senate fight for Brett Kavanaugh's #SCOTUS confirmation is already in progress https://t.co/RpyqSKUpW4 https://t.co/2AZZOaK4VJ,0.0516,0.161,0.149,0.69,93
293,@CNN,Tue Jul 10 03:09:08 +0000 2018,"Meet Lei Jun, the CEO mastermind behind Chinese smartphone maker Xiaomi https://t.co/N6AK35utV3 https://t.co/npzx074FLW",0.0,0.0,0.0,1.0,94
294,@CNN,Tue Jul 10 03:08:02 +0000 2018,Where Supreme Court nominee Brett Kavanaugh stands on key issues https://t.co/cCotNbOLZV https://t.co/DOMQVkW4qU,0.5574,0.247,0.0,0.753,95
295,@CNN,Tue Jul 10 03:07:43 +0000 2018,"RT @CNNTonight: ""This is his version of July 4th, which is Independence Day...he's no longer going to take a bullet for the President...he'‚Ä¶",-0.296,0.0,0.095,0.905,96
296,@CNN,Tue Jul 10 03:01:03 +0000 2018,Donald Trump's remarkably predictable and practical Supreme Court pick | Analysis by @CillizzaCNN‚Ä¶ https://t.co/ZnB40rLDi5,0.5574,0.231,0.0,0.769,97
297,@CNN,Tue Jul 10 02:49:25 +0000 2018,Divers and rescue workers in Thailand have begun what could be the final push to free four boys and their soccer co‚Ä¶ https://t.co/wO6UoxPOUj,0.765,0.239,0.0,0.761,98
298,@CNN,Tue Jul 10 02:44:57 +0000 2018,Trump #SCOTUS pick Brett Kavanaugh has a deep conservative legal record and has written that Presidents should be s‚Ä¶ https://t.co/7KjzEZoCWa,0.128,0.077,0.0,0.923,99
299,@CNN,Tue Jul 10 02:36:11 +0000 2018,"""Hey hey, ho ho! Kavanaugh has got to go!"" Outside the Supreme Court building in Washington, protesters chant to op‚Ä¶ https://t.co/aDEiUJg3Ia",0.508,0.167,0.076,0.757,100
300,@FoxNews,Tue Jul 10 20:14:42 +0000 2018,"Leonard Leo: ""I think Brett Kavanaugh's record shows that he goes into a case being fair and open-minded, and he do‚Ä¶ https://t.co/58TSk7vMbG",0.3182,0.103,0.0,0.897,1
301,@FoxNews,Tue Jul 10 20:07:34 +0000 2018,JUST IN: France edges Belgium to reach World Cup final. https://t.co/oJdUd1Wutt,0.0258,0.099,0.0,0.901,2
302,@FoxNews,Tue Jul 10 20:02:12 +0000 2018,Trace Gallagher reports on the NFL Players Association filing a grievance over the league's new national anthem pol‚Ä¶ https://t.co/XUk1YAoT8c,-0.4767,0.0,0.154,0.846,3
303,@FoxNews,Tue Jul 10 20:01:13 +0000 2018,Illegal border crossing would become felony offense under proposed GOP bill. https://t.co/LHJhEqf4tl,-0.8442,0.0,0.503,0.497,4
304,@FoxNews,Tue Jul 10 19:50:00 +0000 2018,TONIGHT: @VP Mike Pence gives his take on the Supreme Court nominee on @SpecialReport with @BretBaier. Tune in at 6‚Ä¶ https://t.co/EtE022Tn5h,0.5574,0.153,0.0,0.847,5
305,@FoxNews,Tue Jul 10 19:47:20 +0000 2018,"WATCH: Rescuers in Mesa, AZ pulled a woman to safety after her car went into a canal during a storm. @ShepNewsTeam https://t.co/tWzpP148Vm",0.4215,0.135,0.0,0.865,6
306,@FoxNews,Tue Jul 10 19:37:12 +0000 2018,Incredible surveillance video shows a man pulled from train tracks moments before a train pulled into the station.‚Ä¶ https://t.co/QeVuNF9OCF,0.0,0.0,0.0,1.0,7
307,@FoxNews,Tue Jul 10 19:27:26 +0000 2018,Detroit baby girl drowns in basement after falling through hole in home's floor https://t.co/R47FjaDJ9B,-0.5859,0.0,0.286,0.714,8
308,@FoxNews,Tue Jul 10 19:15:08 +0000 2018,".@SenSchumer: ""Not only did Mr. Kavanaugh say that a president should not be subpoenaed, he said a president should‚Ä¶ https://t.co/gmLREatYLc",0.0,0.0,0.0,1.0,9
309,@FoxNews,Tue Jul 10 19:07:58 +0000 2018,.@POTUS arrives in Europe ahead of his meetings with @NATO leaders. https://t.co/VJN78VUGcX https://t.co/vOHx7JV4UB,0.0,0.0,0.0,1.0,10
310,@FoxNews,Tue Jul 10 18:55:42 +0000 2018,".@JohnCornyn: ""The reason why I think the left is so afraid of this nomination is because they view the judiciary a‚Ä¶ https://t.co/yP6yZgpKU8",0.0,0.0,0.0,1.0,11
311,@FoxNews,Tue Jul 10 18:45:23 +0000 2018,.@YouTube investing $25M in journalism and pushing 'authoritative' sources https://t.co/mDFYhLx1Jp,0.0,0.0,0.0,1.0,12
312,@FoxNews,Tue Jul 10 18:36:26 +0000 2018,"RT @FoxNewsResearch: The last Supreme Court justice to be confirmed unanimously by the Senate was Anthony Kennedy in 1988

‚Ä¢1988 (Reagan)
‚Äî‚Ä¶",0.7906,0.259,0.0,0.741,13
313,@FoxNews,Tue Jul 10 18:29:53 +0000 2018,Democratic Senators speak about @POTUS' Supreme Court nominee Brett Kavanaugh. https://t.co/ZXv8lRYXSR,0.5574,0.265,0.0,0.735,14
314,@FoxNews,Tue Jul 10 18:09:22 +0000 2018,"OPINION: Doug Schoen: On Kavanaugh, red state Democrats face a 'nightmare decision' https://t.co/ZIi1VONwKX",0.0,0.0,0.0,1.0,15
315,@FoxNews,Tue Jul 10 18:06:59 +0000 2018,Kavanaugh's support for shielding sitting presidents from prosecution riles Dems https://t.co/bPoQGDB7UF,-0.128,0.181,0.215,0.604,16
316,@FoxNews,Tue Jul 10 17:50:08 +0000 2018,.@SenCoryGardner: ‚ÄúWe simply can‚Äôt care more about the security of governments in Europe than the governments of Eu‚Ä¶ https://t.co/0UOMqHdbz5,0.7063,0.256,0.0,0.744,17
317,@FoxNews,Tue Jul 10 17:40:07 +0000 2018,Mississippi couple hosts strangers' wedding inside their home after nuptials are rained out https://t.co/1kVJ9l2MAh,0.0,0.0,0.0,1.0,18
318,@FoxNews,Tue Jul 10 17:20:18 +0000 2018,Veteran says he's forced to sell home after HOA fines him for hanging US flag in flower pot https://t.co/hgPbjEFlsO,-0.4588,0.0,0.143,0.857,19
319,@FoxNews,Tue Jul 10 17:16:20 +0000 2018,".@SenThomTillis: ‚ÄúI believe that he‚Äôs going to get confirmed and be on the bench before the next SCOTUS session.""‚Ä¶ https://t.co/fTWfAKlTym",0.0,0.0,0.0,1.0,20
320,@FoxNews,Tue Jul 10 17:10:41 +0000 2018,Battle begins over Judge Kavanaugh nomination #OutnumberedOT https://t.co/uxCiLKdSJU https://t.co/yxF2GHuz8q,-0.3818,0.0,0.245,0.755,21
321,@FoxNews,Tue Jul 10 17:01:42 +0000 2018,Grandpa tasked with recording marriage proposal accidentally captures his own reaction instead https://t.co/Vt25IOWPLX,-0.34,0.0,0.167,0.833,22
322,@FoxNews,Tue Jul 10 16:51:37 +0000 2018,"OPINION: John Fund: Kavanaugh can only be stopped by one narrow path -- Durbin, Schumer know what it is https://t.co/5ViBf8Ta5Z",-0.2263,0.0,0.091,0.909,23
323,@FoxNews,Tue Jul 10 16:45:11 +0000 2018,Flynn 'eager' to proceed to sentencing after mysterious delays https://t.co/nGkYVyb1rv,-0.1531,0.0,0.151,0.849,24
324,@FoxNews,Tue Jul 10 16:43:36 +0000 2018,.@SouthwestAir to stop serving peanuts on all flights https://t.co/GZpsdCU37y,-0.296,0.0,0.216,0.784,25
325,@FoxNews,Tue Jul 10 16:40:41 +0000 2018,.@KatiePavlich on the confirmation battle ahead for Supreme Court nominee Judge Brett Kavanaugh #Outnumbered https://t.co/yL19qHsBgF,0.25,0.188,0.135,0.677,26
326,@FoxNews,Tue Jul 10 16:36:44 +0000 2018,What is 'cave disease'? Thai soccer team placed in isolation as doctors monitor for infections https://t.co/FzAdgY2zpp,-0.4019,0.0,0.153,0.847,27
327,@FoxNews,Tue Jul 10 16:25:57 +0000 2018,George Clooney escapes major injury in Italy motorbike accident https://t.co/739BCsjFUm,-0.6597,0.104,0.41,0.486,28
328,@FoxNews,Tue Jul 10 16:22:31 +0000 2018,Marie Harf on the confirmation battle ahead for Supreme Court nominee Judge Brett Kavanaugh #Outnumbered https://t.co/PKHaCM6pD3,0.25,0.178,0.129,0.693,29
329,@FoxNews,Tue Jul 10 16:19:16 +0000 2018,TONIGHT: @VP Mike Pence gives his take on the Supreme Court nominee on @SpecialReport with @BretBaier. Tune in at 6‚Ä¶ https://t.co/xDljyC0cfE,0.5574,0.153,0.0,0.847,30
330,@FoxNews,Tue Jul 10 16:15:50 +0000 2018,Warner Bros. proposes solution to Hollywood sign tourist traffic with $100 million aerial tramway https://t.co/AHQBr7dPV2,0.3182,0.141,0.0,0.859,31
331,@FoxNews,Tue Jul 10 16:04:22 +0000 2018,"Body-cam footage shows New Jersey cops saving girl, 2, who nearly drowned https://t.co/MC51TXEw6h",-0.5994,0.0,0.245,0.755,32
332,@FoxNews,Tue Jul 10 16:01:14 +0000 2018,".@AriFleischer: ‚ÄúIf you want a strong NATO, spend more on defense, honor your commitments and that‚Äôs the way you st‚Ä¶ https://t.co/adF0UQWT3p",0.8534,0.431,0.0,0.569,33
333,@FoxNews,Tue Jul 10 15:58:33 +0000 2018,"Trump's presidential pardons include Jack Johnson, Joe Arpaio, others: A complete list https://t.co/qFJ6Iz2Cyh",0.296,0.167,0.0,0.833,34
334,@FoxNews,Tue Jul 10 15:48:08 +0000 2018,".@KarlRove: ‚ÄúThe president has made an enormously important choice for the Supreme Court."" @AmericaNewsroom‚Ä¶ https://t.co/gZYxUXhr5C",0.6901,0.305,0.0,0.695,35
335,@FoxNews,Tue Jul 10 15:43:46 +0000 2018,"Trump says FBI's Strzok, Page getting 'cold feet' ahead of Capitol Hill sessions (via @brookefoxnews) https://t.co/lpIyHrehRW",0.0,0.0,0.0,1.0,36
336,@FoxNews,Tue Jul 10 15:35:28 +0000 2018,Stray shot kills California woman in Mexico City for wedding anniversary https://t.co/DuZ6CXHjzB,-0.5423,0.0,0.241,0.759,37
337,@FoxNews,Tue Jul 10 15:33:51 +0000 2018,"RT @FoxBusiness: .@stacey_cunning on heading the @NYSE: ""I'm really excited to be leading it."" https://t.co/V72lRNJfTU",0.4005,0.161,0.0,0.839,38
338,@FoxNews,Tue Jul 10 15:33:33 +0000 2018,"RT @FoxBusiness: .@NYSE President @stacey_cunning: ""The U.S. equity markets are the deepest, most liquid markets in the world and we want t‚Ä¶",0.0772,0.058,0.0,0.942,39
339,@FoxNews,Tue Jul 10 15:33:12 +0000 2018,"RT @FoxBusiness: .@NYSE President @stacey_cunning on IPO market: ""We raised more capital in January than we have in the history of the New‚Ä¶",0.0,0.0,0.0,1.0,40
340,@FoxNews,Tue Jul 10 15:32:55 +0000 2018,"RT @FoxBusiness: .@NYSE President @stacey_cunning on China trade: ""We want to make sure that the U.S. markets remain competitive globally.""‚Ä¶",0.5106,0.238,0.0,0.762,41
341,@FoxNews,Tue Jul 10 15:29:14 +0000 2018,Kavanaugh's staunch gun-rights defense among hundreds of decisions in spotlight https://t.co/YWsWdne1U9,0.128,0.13,0.0,0.87,42
342,@FoxNews,Tue Jul 10 15:22:37 +0000 2018,Judge Kavanaugh meets with @VP Mike Pence and @SenateMajLdr https://t.co/XecmQ7YJzJ,0.0,0.0,0.0,1.0,43
343,@FoxNews,Tue Jul 10 15:12:05 +0000 2018,.@guypbenson: ‚ÄúJudge Kavanaugh is unquestionably qualified for the job.‚Äù https://t.co/rgOSkls2Xw @AmericaNewsroom https://t.co/TyE9vhECzb,0.0,0.0,0.0,1.0,44
344,@FoxNews,Tue Jul 10 15:08:38 +0000 2018,Kansas city gets $107G from family's insurance company after child damages glass sculpture https://t.co/pZoNhEVA4x,-0.4404,0.0,0.182,0.818,45
345,@FoxNews,Tue Jul 10 14:56:42 +0000 2018,How do presidential pardons work? https://t.co/AoutcWRwps,0.296,0.306,0.0,0.694,46
346,@FoxNews,Tue Jul 10 14:53:16 +0000 2018,NJ dad may lose all 4 limbs after contracting bacterial infection while crabbing https://t.co/EiaXSEE6lU,-0.4019,0.0,0.184,0.816,47
347,@FoxNews,Tue Jul 10 14:48:26 +0000 2018,.@KellyannePolls: ‚ÄúThis president makes very clear that if there is an opportunity for Russia and the U.S. to work‚Ä¶ https://t.co/9vwoErB2a8,0.6901,0.24,0.0,0.76,48
348,@FoxNews,Tue Jul 10 14:44:51 +0000 2018,".@KellyannePolls: The president‚Äôs been very clear that we are committed to the NATO alliance, but he also wants eve‚Ä¶ https://t.co/LFLBUYXI1l",0.3604,0.163,0.0,0.837,49
349,@FoxNews,Tue Jul 10 14:40:27 +0000 2018,Breaking News: @POTUS pardons ranchers whose arrests led to armed occupation of wildlife refuge https://t.co/T0ynHLx3rr,-0.1779,0.122,0.16,0.718,50
350,@FoxNews,Tue Jul 10 14:40:09 +0000 2018,Senate Democrats rally at the Supreme Court to ‚Äúsave women‚Äôs reproductive rights and vital health care protections‚Ä¶ https://t.co/Xlpp8v3gKy,0.8402,0.375,0.0,0.625,51
351,@FoxNews,Tue Jul 10 14:32:51 +0000 2018,".@KellyannePolls: ‚ÄúIf these Democrats‚Ä¶actually look at the qualifications of Judge Brett Kavanaugh, they really hav‚Ä¶ https://t.co/tv9WDvGOOw",0.0,0.0,0.0,1.0,52
352,@FoxNews,Tue Jul 10 14:26:13 +0000 2018,TSA finds Python hidden in hard drive at Miami airport https://t.co/cnjnprIapE,-0.1027,0.0,0.123,0.877,53
353,@FoxNews,Tue Jul 10 14:23:31 +0000 2018,.@KellyannePolls: ‚ÄúThe president went through a very deliberative process.‚Äù @AmericaNewsroom https://t.co/rgOSkls2Xw https://t.co/ltJoJewqzE,0.0,0.0,0.0,1.0,54
354,@FoxNews,Tue Jul 10 14:11:39 +0000 2018,"Earlier today, President @realDonaldTrump congratulated the Thai Navy SEALs and their international partners who re‚Ä¶ https://t.co/NHCnGFxFhG",0.0,0.0,0.0,1.0,55
355,@FoxNews,Tue Jul 10 14:09:51 +0000 2018,"Child finds 5 people, include 3 children, shot dead inside Delaware home, neighbor says https://t.co/q0LGqIBMyv",-0.6486,0.0,0.264,0.736,56
356,@FoxNews,Tue Jul 10 13:53:14 +0000 2018,.@OrrinHatch: ‚ÄúI think he‚Äôs an excellent choice‚Ä¶I suspect that he‚Äôll be a great addition to the Supreme Court.‚Äù‚Ä¶ https://t.co/zjFgIDiBch,0.8807,0.413,0.08,0.507,57
357,@FoxNews,Tue Jul 10 13:30:34 +0000 2018,'You'd Think This Would Be Sacred': @EricTrump on St. Jude Family Being Attacked Online for Thanking Him https://t.co/CFFVM4kzaK,-0.4588,0.0,0.15,0.85,58
358,@FoxNews,Tue Jul 10 13:26:18 +0000 2018,".@GOPleader: ‚ÄúHere is a judge who is qualified, who is not an activist judge, he bases it on the Constitution and I‚Ä¶ https://t.co/pJNV02us5o",0.0,0.0,0.0,1.0,59
359,@FoxNews,Tue Jul 10 13:19:46 +0000 2018,.@GOPLeader: ‚ÄúThis is nothing but a miracle and just a big thank you to all involved.‚Äù https://t.co/knPtHRUSkW,-0.2163,0.16,0.202,0.639,60
360,@FoxNews,Tue Jul 10 13:06:07 +0000 2018,Thai cave rescue timeline: The dangerous race to bring trapped soccer team home https://t.co/SfG2adTaV9,-0.4939,0.159,0.312,0.529,61
361,@FoxNews,Tue Jul 10 12:51:55 +0000 2018,"Guatemalan national pays $280 fine for negligent driving in crash that killed FBI agent, fire marshal (via‚Ä¶ https://t.co/7MW2rUhNBI",-0.8316,0.071,0.378,0.551,62
362,@FoxNews,Tue Jul 10 12:50:03 +0000 2018,"Trump says Putin summit could be 'easiest' stop of European tour, amid NATO tensions (via @brookefoxnews) https://t.co/Qe9GiZ1ooH",-0.5994,0.0,0.246,0.754,63
363,@FoxNews,Tue Jul 10 12:47:56 +0000 2018,.@MarcusLuttrell: ‚ÄúWhere they were at supersedes anything I had ever seen.‚Äù https://t.co/gBnx7VSWlo,0.0,0.0,0.0,1.0,64
364,@FoxNews,Tue Jul 10 12:39:27 +0000 2018,"Entire Thai soccer team, coach freed from cave after daring rescue, Navy says; @Jeff_Journalist reports‚Ä¶ https://t.co/wGndG0Ltb7",0.8176,0.395,0.0,0.605,65
365,@FoxNews,Tue Jul 10 12:34:53 +0000 2018,.@EricTrump: ‚ÄúWhy is it that we have to be the piggy-bank for the entire world?‚Äù https://t.co/UGMHqjQpEe,0.0,0.0,0.0,1.0,66
366,@FoxNews,Tue Jul 10 12:31:49 +0000 2018,".@POTUS: ‚ÄúI think that getting along with Russia, getting along with China, getting along with others is a good thi‚Ä¶ https://t.co/VGie3gq502",0.4404,0.132,0.0,0.868,67
367,@FoxNews,Tue Jul 10 12:23:53 +0000 2018,.@POTUS: ‚ÄúWe‚Äôre being taken advantage of by the European Union.‚Äù https://t.co/OT1brlJbiq,0.25,0.167,0.0,0.833,68
368,@FoxNews,Tue Jul 10 12:19:06 +0000 2018,".@POTUS: ‚ÄúI have NATO, I have the UK, which is in somewhat turmoil and I have Putin. Frankly, Putin may be the easi‚Ä¶ https://t.co/XE1RNYeMRs",-0.2975,0.0,0.095,0.905,69
369,@FoxNews,Tue Jul 10 12:15:09 +0000 2018,.@POTUS: ‚ÄúNATO has not treated us fairly but I think we‚Äôll work something out. We pay far too much.‚Äù https://t.co/D5s1DvyqEt,-0.1531,0.0,0.082,0.918,70
370,@FoxNews,Tue Jul 10 12:03:55 +0000 2018,"Grandpa Tries to Film a Marriage Proposal, Accidentally Films Himself Instead https://t.co/xzvdeB8TpP",-0.34,0.0,0.194,0.806,71
371,@FoxNews,Tue Jul 10 11:59:15 +0000 2018,"BREAKING NEWS: All 12 boys and coach from Thai soccer team rescued from flooded cave, Navy SEAL says https://t.co/kEKOXbWGXi",0.4215,0.135,0.0,0.865,72
372,@FoxNews,Tue Jul 10 11:54:26 +0000 2018,.@EricTrump: ‚ÄúWe‚Äôre going to keep raising money and we‚Äôre going to win the fight. We will win the fight against ped‚Ä¶ https://t.co/GHU54N2YpL,0.5267,0.247,0.169,0.584,73
373,@FoxNews,Tue Jul 10 11:47:58 +0000 2018,Sherrie Hopper: ‚ÄúMr. Trump I can‚Äôt even express to you how thankful I am.‚Äù https://t.co/fsenp7qzRu,0.5719,0.236,0.0,0.764,74
374,@FoxNews,Tue Jul 10 11:38:20 +0000 2018,".@EricTrump: ‚ÄúHe‚Äôs incredibly well-respected by everyone. He will uphold the Constitution and I‚Äôm proud, I think my‚Ä¶ https://t.co/CQNBBxt43i",0.4767,0.162,0.0,0.838,75
375,@FoxNews,Tue Jul 10 11:27:49 +0000 2018,California's 'foreclosure capital' to give away $500 a month to residents in experimental welfare program https://t.co/dQd34cLwt0,-0.128,0.0,0.097,0.903,76
376,@FoxNews,Tue Jul 10 11:16:18 +0000 2018,Girl meets veteran donor who saved her life https://t.co/9CEjYrKX8R,0.4215,0.259,0.0,0.741,77
377,@FoxNews,Tue Jul 10 11:08:19 +0000 2018,.@Judgenap: ‚ÄúI am disappointed in the president because this is not the type of person that he said he would pick‚Ä¶‚Ä¶ https://t.co/FpyLnRpLH7,-0.4767,0.0,0.129,0.871,78
378,@FoxNews,Tue Jul 10 10:59:09 +0000 2018,'Always a Marine': Chief of Staff John Kelly Untangles American Flag at Trump Golf Course https://t.co/xMgPwapWOI,0.0,0.0,0.0,1.0,79
379,@FoxNews,Tue Jul 10 10:53:54 +0000 2018,Father and Son Get Stuck on Zipline Over Alligator-Infested Water https://t.co/WbyKc9BegY,-0.25,0.0,0.167,0.833,80
380,@FoxNews,Tue Jul 10 10:47:44 +0000 2018,".@AlanDersh: ‚ÄúThe Republicans get some blame for this too, they didn‚Äôt allow the Merrick Garland‚Ä¶ nomination to com‚Ä¶ https://t.co/tWmmHuQ6Su",-0.128,0.089,0.113,0.798,81
381,@FoxNews,Tue Jul 10 10:44:57 +0000 2018,".@AlanDersh: ‚ÄúI will probably disagree with many of his opinions, but it‚Äôs hard to question his qualifications for‚Ä¶ https://t.co/jw52jthkeA",-0.34,0.0,0.167,0.833,82
382,@FoxNews,Tue Jul 10 10:37:47 +0000 2018,"JUST IN: 11th person rescued from Thai cave, local reports say https://t.co/kEKOXbWGXi",0.4215,0.203,0.0,0.797,83
383,@FoxNews,Tue Jul 10 10:36:19 +0000 2018,Royal couple served 7-year-old cake for Prince Louis' christening https://t.co/Sn8q5ZOIz3,0.0,0.0,0.0,1.0,84
384,@FoxNews,Tue Jul 10 10:20:03 +0000 2018,"George Clooney involved in motorbike accident in Italy, reports say https://t.co/739BCsjFUm",-0.4767,0.0,0.237,0.763,85
385,@FoxNews,Tue Jul 10 10:15:00 +0000 2018,.@Nigel_Farage: ‚ÄúI think [@theresa_may is] the worst prime minister we‚Äôve had in my entire lifetime.‚Äù https://t.co/M79bHRWvjq,-0.6249,0.0,0.215,0.785,86
386,@FoxNews,Tue Jul 10 10:13:19 +0000 2018,".@Nigel_Farage: ‚ÄúI‚Äôm now of the view that if [@theresa_may] stays as prime minister, we will not get the Brexit we‚Ä¶ https://t.co/XFbQ6HD7Sn",0.0,0.0,0.0,1.0,87
387,@FoxNews,Tue Jul 10 10:11:23 +0000 2018,.@Nigel_Farage: ‚ÄúThe one thing that the president needs to do is he needs to get a public assurance from Putin that‚Ä¶ https://t.co/Dyv8fQyDfI,0.34,0.107,0.0,0.893,88
388,@FoxNews,Tue Jul 10 10:10:34 +0000 2018,".@Nigel_Farage: ‚ÄúThe argument is, why should America protect all of these countries if they‚Äôre not prepared to make‚Ä¶ https://t.co/15ngYSYZrI",-0.1446,0.114,0.183,0.703,89
389,@FoxNews,Tue Jul 10 10:06:02 +0000 2018,"10th person rescued from Thai cave, reports say; @Jeff_Journalist reports https://t.co/kEKOXbWGXi https://t.co/LZ6rM8yDLl",0.4215,0.203,0.0,0.797,90
390,@FoxNews,Tue Jul 10 10:04:38 +0000 2018,"JUST IN: 10th person rescued from Thai cave, reports say https://t.co/kEKOXbWGXi",0.4215,0.219,0.0,0.781,91
391,@FoxNews,Tue Jul 10 09:47:29 +0000 2018,.@ASwoyer: ‚ÄúI do think that the fears from the protesters and what we‚Äôre hearing from some Democratic lawmakers is‚Ä¶ https://t.co/g5LGNp4OFE,-0.5719,0.0,0.207,0.793,92
392,@FoxNews,Tue Jul 10 09:32:53 +0000 2018,"JUST IN: Ninth person rescued from Thai cave, reports say https://t.co/kEKOXbWGXi",0.4215,0.219,0.0,0.781,93
393,@FoxNews,Tue Jul 10 09:28:29 +0000 2018,IHOP admits to faking IHOb name change for publicity https://t.co/0gjMBXdXeL,-0.1531,0.169,0.215,0.615,94
394,@FoxNews,Tue Jul 10 09:20:12 +0000 2018,Bobby Chacon: ‚ÄúI can‚Äôt say enough about the‚Ä¶ men and women that are carrying out this operation.‚Äù https://t.co/8Cm234AXWc,0.0,0.0,0.0,1.0,95
395,@FoxNews,Tue Jul 10 09:15:00 +0000 2018,"Tony Perkins: ""We would not be having a discussion about a constitutionalist if @HillaryClinton were in the Oval Of‚Ä¶ https://t.co/lBVTv1QSGl",0.0,0.0,0.0,1.0,96
396,@FoxNews,Tue Jul 10 09:13:47 +0000 2018,.@POTUS &amp; @FLOTUS Leaving for Brussels Today; @HeatherChilders https://t.co/KDJ0BTaYaw,0.0,0.0,0.0,1.0,97
397,@FoxNews,Tue Jul 10 09:10:39 +0000 2018,Rescuers at Thai cave prepare for final push to save players after successful extractions; @HeatherChilders‚Ä¶ https://t.co/4ObhF85G85,0.7906,0.333,0.0,0.667,98
398,@FoxNews,Tue Jul 10 09:08:21 +0000 2018,Kavanaugh nod touches off Supreme Court confirmation battle; Dems warn of 'deaths of countless women'‚Ä¶ https://t.co/kHL6SYG0Bz,0.1531,0.175,0.194,0.631,99
399,@FoxNews,Tue Jul 10 09:08:00 +0000 2018,"The @Dbacks honored Todd the dog at their game on Sunday, tweeting that the pup ‚Äúis a hero‚Äù after the dog jumped in‚Ä¶ https://t.co/A0Iiyj5VaF",0.5859,0.147,0.0,0.853,100
400,@nytimes,Tue Jul 10 20:15:07 +0000 2018,The differences between Judge Brett Kavanaugh and Justice Anthony Kennedy are especially visible when it comes to c‚Ä¶ https://t.co/lCoutHWjMN,0.5267,0.159,0.0,0.841,1
401,@nytimes,Tue Jul 10 20:08:02 +0000 2018,"After 9 years at Real Madrid, Ronaldo is taking his talents to Juventus for $110 million https://t.co/NZzjtsXZEf",0.4588,0.167,0.0,0.833,2
402,@nytimes,Tue Jul 10 20:00:16 +0000 2018,Eat this by the bowl as is or toss it with cooked rice or beans for a more filling salad https://t.co/mEhHw1tMeP https://t.co/ywtyR1j77s,0.0,0.0,0.0,1.0,3
403,@nytimes,Tue Jul 10 19:54:15 +0000 2018,"France beat Belgium, 1-0, to advance to the World Cup final. It will face England or Croatia.  https://t.co/Gi7OD39fPQ",0.0,0.0,0.0,1.0,4
404,@nytimes,Tue Jul 10 19:48:45 +0000 2018,There have been 23 goals scored in the 90th minute and second-half stoppage time so far in this World Cup‚Ä¶ https://t.co/AdyKL6Fz59,0.0,0.0,0.0,1.0,5
405,@nytimes,Tue Jul 10 19:45:06 +0000 2018,"Democrats know they will have a difficult time persuading the Senate to reject Judge Brett Kavanaugh, but they have‚Ä¶ https://t.co/0428CLwKuI",-0.3818,0.0,0.175,0.825,6
406,@nytimes,Tue Jul 10 19:30:10 +0000 2018,A prosecutor is under investigation for posting ‚Äúdiscriminatory comments‚Äù on social media that reportedly took aim‚Ä¶ https://t.co/CHs71y4KTk,0.0,0.0,0.0,1.0,7
407,@nytimes,Tue Jul 10 19:20:08 +0000 2018,"George Clooney is ‚Äúrecovering at home and will be fine,‚Äù his publicist said, following a scooter crash in Italy https://t.co/4WCPagVYej",-0.4019,0.0,0.13,0.87,8
408,@nytimes,Tue Jul 10 19:10:08 +0000 2018,"France won the World Cup in 1998, beating Brazil 3-0: https://t.co/PSX4V63wo4 

Belgium has never won the World Cup‚Ä¶ https://t.co/P5jh7DFjwZ",0.6597,0.28,0.114,0.606,9
409,@nytimes,Tue Jul 10 19:00:14 +0000 2018,The best-remembered act of Lord Carrington‚Äôs long political career was a resignation https://t.co/XXBqXgJV3b,-0.296,0.0,0.167,0.833,10
410,@nytimes,Tue Jul 10 18:45:05 +0000 2018,A deputy heard faint cries in the Montana woods. He found a 5-month-old buried under sticks and debris. https://t.co/3TprDtKv1r,-0.4019,0.0,0.144,0.856,11
411,@nytimes,Tue Jul 10 18:30:04 +0000 2018,Belgium has transformed itself from an intriguing long-shot into a World Cup favorite. Here's why they'll win the W‚Ä¶ https://t.co/kb6hpj7pEj,0.7783,0.286,0.0,0.714,12
412,@nytimes,Tue Jul 10 18:15:08 +0000 2018,"With the nomination of Brett Kavanaugh, Georgetown Preparatory School could have 2 alumni on the Supreme Court https://t.co/TwpE2WLgy9",0.5574,0.184,0.0,0.816,13
413,@nytimes,Tue Jul 10 18:01:05 +0000 2018,France is the favorite in today's World Cup game against Belgium. The winner will go to Sunday‚Äôs final. Live update‚Ä¶ https://t.co/z2mahK68ld,0.7783,0.264,0.0,0.736,14
414,@nytimes,Tue Jul 10 17:50:04 +0000 2018,Officials struggled on Tuesday to pull off a series of court-ordered reunifications between detained migrant childr‚Ä¶ https://t.co/2YdZcsVJF4,-0.6249,0.0,0.267,0.733,15
415,@nytimes,Tue Jul 10 17:40:03 +0000 2018,"Belgium has a model, a blueprint, a plan. 
Croatian soccer is in a state of near-permanent chaos. 
They're both in‚Ä¶ https://t.co/UoP1ZgOGkn",-0.5719,0.0,0.188,0.812,16
416,@nytimes,Tue Jul 10 17:30:15 +0000 2018,"RT @NYTNational: How do wildfires end up with names like Witch, Not Creative or 416? The clue, unlike for hurricanes, is often in the locat‚Ä¶",-0.3412,0.085,0.167,0.748,17
417,@nytimes,Tue Jul 10 17:20:08 +0000 2018,How to watch the World Cup semifinals https://t.co/W1eSqS1xW0,0.0,0.0,0.0,1.0,18
418,@nytimes,Tue Jul 10 17:10:04 +0000 2018,"RT @NYTHealth: Racing against time, the surgeon injected a billion mitochondria into the baby's damaged heart muscle. Within two days, the‚Ä¶",-0.4404,0.0,0.132,0.868,19
419,@nytimes,Tue Jul 10 17:00:10 +0000 2018,"Was the reality-TV rollout of Judge Brett Kavanaugh informative? No, and that's just how it was designed to be,‚Ä¶ https://t.co/kKsbBweEWE",-0.296,0.0,0.104,0.896,20
420,@nytimes,Tue Jul 10 16:45:10 +0000 2018,Have you been brushing up on relative clauses? Subject-verb agreement? Test your skills in our copy editing quiz. https://t.co/A1SATJgFqH,0.5514,0.165,0.0,0.835,21
421,@nytimes,Tue Jul 10 16:30:04 +0000 2018,"Rescue divers navigated flooded passages, with some openings as small as 3 feet wide and 2 feet tall, to rescue the‚Ä¶ https://t.co/XV8SEXvLkx",0.765,0.268,0.0,0.732,22
422,@nytimes,Tue Jul 10 16:15:06 +0000 2018,"With Prime Day coming up, here's how our colleagues at @wirecutter, a New York Times company, are picking the best‚Ä¶ https://t.co/cQSkItfgpf",0.0,0.0,0.0,1.0,23
423,@nytimes,Tue Jul 10 16:00:07 +0000 2018,Trump pardoned 2 Oregon ranchers who were convicted of arson. The case set off an armed occupation of a wildlife re‚Ä¶ https://t.co/AGpoh3b3EH,0.2263,0.091,0.0,0.909,24
424,@nytimes,Tue Jul 10 15:45:07 +0000 2018,"If you've been watching the World Cup, you've seen every player from every country react to a missed goal like this‚Ä¶ https://t.co/wWAPbyDwxM",0.0772,0.105,0.093,0.802,25
425,@nytimes,Tue Jul 10 15:30:17 +0000 2018,A tech guru in Vancouver suddenly fled to China. His story is fueling calls for heightened skepticism of Chinese mo‚Ä¶ https://t.co/K7PvM3owju,-0.25,0.0,0.095,0.905,26
426,@nytimes,Tue Jul 10 15:15:11 +0000 2018,"In China, Big Brother is watching, and not hiding it. Cameras and facial recognition are being used to track, and s‚Ä¶ https://t.co/XiDAcJsnm0",0.2235,0.082,0.0,0.918,27
427,@nytimes,Tue Jul 10 15:00:08 +0000 2018,A freelance writer criticized Nicki Minaj's music. Then the stans attacked. https://t.co/N3LuUUVdI2,-0.5106,0.14,0.35,0.51,28
428,@nytimes,Tue Jul 10 14:47:57 +0000 2018,"RT @nytimesbusiness: If the private jets are jamming the airport near Sun Valley, Idaho, it must be time for the Allen &amp; Company annual med‚Ä¶",0.0,0.0,0.0,1.0,29
429,@nytimes,Tue Jul 10 14:32:15 +0000 2018,"RT @NYTNational: Why did the Trump administration add a citizenship question to the 2020 census? After a court hearing, one expert says, ""t‚Ä¶",0.0,0.0,0.0,1.0,30
430,@nytimes,Tue Jul 10 14:05:03 +0000 2018,"With the Supreme Court‚Äôs ideological balance at stake, the battle over Judge Brett Kavanaugh will cost tens of mill‚Ä¶ https://t.co/bhyf5oGdP8",0.25,0.149,0.107,0.744,31
431,@nytimes,Tue Jul 10 13:50:05 +0000 2018,Michael Avenatti thinks he can bring down the president ‚Äî one cable-news hit at a time https://t.co/Sp8edXC2ff,0.0,0.0,0.0,1.0,32
432,@nytimes,Tue Jul 10 13:35:02 +0000 2018,What does Trump's Supreme Court pick mean for the November elections? Here are 2 hints. https://t.co/fKAB851ltN,0.5574,0.205,0.0,0.795,33
433,@nytimes,Tue Jul 10 13:20:09 +0000 2018,Jimmy Kimmel returned from vacation with a mind to settle scores. Our late-night roundup: https://t.co/VLZyO2IEAk,0.0,0.0,0.0,1.0,34
434,@nytimes,Tue Jul 10 13:05:05 +0000 2018,"Given Judge Brett Kavanaugh‚Äôs conservative record and the political math in the Senate, what happens now? https://t.co/dVOf4X70JR",0.0,0.0,0.0,1.0,35
435,@nytimes,Tue Jul 10 12:50:07 +0000 2018,Morning Briefing: Here's what you need to know to start your day https://t.co/ddKIArNWB8,0.0,0.0,0.0,1.0,36
436,@nytimes,Tue Jul 10 12:35:42 +0000 2018,"In Opinion 

Jenni Russell writes, ""Britain is teetering on the edge, on the verge of making catastrophic, irrevers‚Ä¶ https://t.co/yfg36sbbDg",-0.4939,0.0,0.151,0.849,37
437,@nytimes,Tue Jul 10 12:20:06 +0000 2018,"RT @nytfood: Cook the way @alisoneroman does: impressively, and without a lot of fuss. She'll show you how in her new column. https://t.co/‚Ä¶",0.4588,0.125,0.0,0.875,38
438,@nytimes,Tue Jul 10 12:08:22 +0000 2018,Boris Johnson Has Ruined Britain https://t.co/FVgbGiGNfs,-0.4767,0.0,0.383,0.617,39
439,@nytimes,Tue Jul 10 12:07:11 +0000 2018,"Breaking News: All 12 young soccer players and their coach have been freed from a Thai cave, after a more than 2-we‚Ä¶ https://t.co/gIaB95yiXE",0.4019,0.119,0.0,0.881,40
440,@nytimes,Tue Jul 10 12:02:02 +0000 2018,"Starbucks will stop using disposable plastic straws by 2020, eliminating more than one billion straws a year, the r‚Ä¶ https://t.co/SxYplF56MF",-0.296,0.0,0.109,0.891,41
441,@nytimes,Tue Jul 10 11:47:03 +0000 2018,McKinsey has ended a lucrative consulting contract with ICE. A Times report about the firm‚Äôs work prompted question‚Ä¶ https://t.co/M4qVD7toMB,0.0,0.0,0.0,1.0,42
442,@nytimes,Tue Jul 10 11:32:05 +0000 2018,President Trump nominated Judge Brett Kavanaugh for the Supreme Court. Here‚Äôs what happens next and what you can ex‚Ä¶ https://t.co/9C8xFAkupT,0.5574,0.159,0.0,0.841,43
443,@nytimes,Tue Jul 10 11:17:04 +0000 2018,RT @nytimesphoto: Photos that show the routes of the Underground Railroad https://t.co/bQ8eUGErvd https://t.co/7iYhbLKEky,0.0,0.0,0.0,1.0,44
444,@nytimes,Tue Jul 10 11:14:25 +0000 2018,Will Kavanaugh Provide Cover for Trump? https://t.co/TcRBaAWomZ,0.0,0.0,0.0,1.0,45
445,@nytimes,Tue Jul 10 11:02:02 +0000 2018,Think about making a double batch of this hummus. It goes quickly. https://t.co/fLqYR7sL59,0.0,0.0,0.0,1.0,46
446,@nytimes,Tue Jul 10 10:56:29 +0000 2018,"Nearly 6 Months on the Job, the Subway Chief Is Set to Finally Meet the Mayor https://t.co/qxY0xhDhc1",0.0,0.0,0.0,1.0,47
447,@nytimes,Tue Jul 10 10:43:56 +0000 2018,‚ÄòNo Poach‚Äô Deals for Fast-Food Workers Face Scrutiny by States https://t.co/sSO1z0STlB,0.0,0.0,0.0,1.0,48
448,@nytimes,Tue Jul 10 10:42:02 +0000 2018,"In Opinion,

‚ÄúPresident Trump‚Äôs contention, that women need access to formula because of malnutrition, defies both‚Ä¶ https://t.co/lw62YnN7Us",0.0,0.0,0.0,1.0,49
449,@nytimes,Tue Jul 10 10:41:15 +0000 2018,"Critic‚Äôs Notebook: Onstage, the New Gay Agenda Involves Cake and Not Getting Fired https://t.co/QNAT3UinEd",0.4449,0.184,0.0,0.816,50
450,@nytimes,Tue Jul 10 10:36:17 +0000 2018,"Why Was a Citizenship Question Put on the Census? ‚ÄòBad Faith,‚Äô a Judge Suggests https://t.co/NlVIiH2QAF",0.0,0.0,0.0,1.0,51
451,@nytimes,Tue Jul 10 10:27:22 +0000 2018,NATO summit meetings were once ritualistic events. They've have become anxiety-producing confrontations where the m‚Ä¶ https://t.co/nOytLFqJEA,-0.3612,0.0,0.143,0.857,52
452,@nytimes,Tue Jul 10 10:10:59 +0000 2018,"An algae bloom in Florida has grown rapidly and widely, alarming businesses and residents https://t.co/2DHKTXCKae",-0.128,0.0,0.097,0.903,53
453,@nytimes,Tue Jul 10 09:54:19 +0000 2018,"Forget what you know about press conferences. This is a World Cup press conference, amateur theater included. https://t.co/Bbu3tONHuw",-0.2263,0.0,0.106,0.894,54
454,@nytimes,Tue Jul 10 09:38:02 +0000 2018,RT @nytimesworld: Iranians are protesting the public shaming of a young woman for having posted a video of herself dancing on Instagram. In‚Ä¶,-0.4215,0.0,0.123,0.877,55
455,@nytimes,Tue Jul 10 09:08:17 +0000 2018,The Checkup: What Babies Know About Their Bodies and Themselves https://t.co/VBq8G3SqPO,0.0,0.0,0.0,1.0,56
456,@nytimes,Tue Jul 10 09:03:23 +0000 2018,9 new books recommended by critics and editors at The New York Times https://t.co/4qYgWnUA2R,-0.1027,0.12,0.147,0.733,57
457,@nytimes,Tue Jul 10 08:45:54 +0000 2018,Tech tools are far more efficient at keeping your plans organized and easily accessible https://t.co/AlIi7Hjk43,0.6697,0.297,0.0,0.703,58
458,@nytimes,Tue Jul 10 08:28:40 +0000 2018,"The man that brought you Ali G, Borat Sagdiyev and Bruno Gehard is returning to TV https://t.co/rvZD1FIfvJ",0.0,0.0,0.0,1.0,59
459,@nytimes,Tue Jul 10 08:11:02 +0000 2018,"Where Trump goes in Britain, protesters will follow. (And a 19-foot balloon may not be far behind.) https://t.co/buldqCwBL9",-0.2263,0.0,0.106,0.894,60
460,@nytimes,Tue Jul 10 07:44:12 +0000 2018,Starbucks to Stop Using Disposable Plastic Straws by 2020 https://t.co/TxgDTY6xll,-0.296,0.0,0.196,0.804,61
461,@nytimes,Tue Jul 10 07:42:35 +0000 2018,"‚ÄúIf you are waiting for the World Cup to make decisions, you‚Äôre not doing your work well enough,‚Äù one recruiter said https://t.co/CHsJLoHOJK",0.2732,0.091,0.0,0.909,62
462,@nytimes,Tue Jul 10 07:25:04 +0000 2018,"RT @nytimesworld: ‚ÄúThe man started to scream,‚Äù says a witness to a paramilitary killing in Colombia. ‚ÄúThe man went out, and‚Äîboom‚Äîall of a s‚Ä¶",-0.6597,0.0,0.18,0.82,63
463,@nytimes,Tue Jul 10 06:55:04 +0000 2018,"RT @nytimestheater: Will Broadway welcome an Australian musical invasion? ‚ÄúI‚Äôm no expert,"" says one composer, ""but I‚Äôve certainly got the i‚Ä¶",0.5423,0.206,0.065,0.729,64
464,@nytimes,Tue Jul 10 06:35:09 +0000 2018,RT @natashanyt: 1/ A Facebook patent application describes a system that could match the faces of shoppers in stores with their social netw‚Ä¶,0.0,0.0,0.0,1.0,65
465,@nytimes,Tue Jul 10 06:18:18 +0000 2018,Another front to Facebook's privacy battles? Facial recognition technology. https://t.co/cpxDbYjeDB,-0.3818,0.0,0.224,0.776,66
466,@nytimes,Tue Jul 10 06:02:05 +0000 2018,RT @nytimesworld: President Erdogan was sworn in for a five-year term under a new Constitution that gives Turkey‚Äôs president sweeping execu‚Ä¶,0.0,0.0,0.0,1.0,67
467,@nytimes,Tue Jul 10 05:40:26 +0000 2018,Working as a flight attendant may increase the risk for cancer https://t.co/JYPU009iwR,-0.6369,0.137,0.387,0.476,68
468,@nytimes,Tue Jul 10 05:23:32 +0000 2018,"Liu Xia, Detained Widow of Nobel Peace Laureate, Leaves China https://t.co/xdxwxpsiys",0.2023,0.23,0.178,0.592,69
469,@nytimes,Tue Jul 10 05:07:53 +0000 2018,HBO has long favored quality over quantity. That may be changing. https://t.co/elazRrhEpa,0.4215,0.203,0.0,0.797,70
470,@nytimes,Tue Jul 10 04:51:05 +0000 2018,How a troubled Florida teenager went from the ‚ÄúDr. Phil‚Äù show to signing a major-label record deal as a rapper https://t.co/IN2Qnz3xLW,-0.4588,0.0,0.15,0.85,71
471,@nytimes,Tue Jul 10 04:34:50 +0000 2018,A white manager of a Memphis apartment complex was fired after she called the police on a black man wearing socks i‚Ä¶ https://t.co/O7FPF6v4g0,-0.5574,0.0,0.159,0.841,72
472,@nytimes,Tue Jul 10 04:18:01 +0000 2018,"RT @nytopinion: President Trump‚Äôs contention that women need access to formula because of malnutrition, defies both science and common sens‚Ä¶",0.0,0.0,0.0,1.0,73
473,@nytimes,Tue Jul 10 03:55:48 +0000 2018,Erdogan Begins New Term and Names His Son-in-Law Finance Minister https://t.co/owqR0T4IeE,0.0,0.0,0.0,1.0,74
474,@nytimes,Tue Jul 10 03:47:04 +0000 2018,RT @NYTNational: A Texas man said he was acting in self-defense when he fatally shot a teenager. The police said cellphone videos cast doub‚Ä¶,-0.6369,0.0,0.167,0.833,75
475,@nytimes,Tue Jul 10 03:32:01 +0000 2018,"To rescue the boys in the Thai cave, divers have to navigate flooded passages, with some openings as small as 3 fee‚Ä¶ https://t.co/Jm0h4dFmc3",0.5106,0.136,0.0,0.864,76
476,@nytimes,Tue Jul 10 03:17:03 +0000 2018,"RT @nytpolitics: After weeks of solo travel around the United States, Melania Trump plans to revive her child-focused project ‚ÄúBe Best‚Äù as‚Ä¶",0.6369,0.206,0.0,0.794,77
477,@nytimes,Tue Jul 10 03:02:02 +0000 2018,"Global health experts say breast milk is especially important for babies in poor countries, where unsafe water supp‚Ä¶ https://t.co/VEDzjHTl7i",-0.2516,0.094,0.14,0.766,78
478,@nytimes,Tue Jul 10 02:47:05 +0000 2018,"New York City will inspect all public housing where lead paint may have been used, the mayor said. It could take 2‚Ä¶ https://t.co/yqAodQxFWu",0.0,0.0,0.0,1.0,79
479,@nytimes,Tue Jul 10 02:32:06 +0000 2018,Video and partial transcript: President Trump announces Brett Kavanaugh as Supreme Court nominee https://t.co/vPICmZO6O1,0.5574,0.217,0.0,0.783,80
480,@nytimes,Tue Jul 10 02:23:03 +0000 2018,"RT @jdavidgoodman: NEW: Mayor @BilldeBlasio says New York City will vastly expand its testing for lead in public housing to reach 130,000 a‚Ä¶",0.34,0.139,0.0,0.861,81
481,@nytimes,Tue Jul 10 02:17:05 +0000 2018,RT @nytopinion: There‚Äôs So Much You Don‚Äôt Know About Brett Kavanaugh https://t.co/mzmJBVQL0k https://t.co/QmRMpKds3Q,0.0,0.0,0.0,1.0,82
482,@nytimes,Tue Jul 10 02:02:05 +0000 2018,President Trump nominated Judge Brett Kavanaugh for the Supreme Court. Here‚Äôs what happens next and what you can ex‚Ä¶ https://t.co/K3OHnzqdA1,0.5574,0.159,0.0,0.841,83
483,@nytimes,Tue Jul 10 01:51:04 +0000 2018,"RT @hillhulse: Sen Schumer: ""I will oppose Judge Kavanaugh‚Äôs nomination with everything I have, and I hope a bipartisan majority will do th‚Ä¶",0.4404,0.132,0.0,0.868,84
484,@nytimes,Tue Jul 10 01:40:12 +0000 2018,"Breaking News: Migrant families cannot be held in long-term detention, a federal judge ruled, delivering a signific‚Ä¶ https://t.co/rjNnnK2o6j",-0.3612,0.0,0.143,0.857,85
485,@nytimes,Tue Jul 10 01:37:05 +0000 2018,"RT @adamliptak: My profile of Judge Brett Kavanaugh, President Trump‚Äôs Supreme Court pick

https://t.co/WRNSd83mL1",0.5574,0.217,0.0,0.783,86
486,@nytimes,Tue Jul 10 01:27:06 +0000 2018,"RT @nytgraphics: In choosing Brett M. Kavanaugh, President Trump opted for a Washington insider who, according to at least one measure, may‚Ä¶",0.0,0.0,0.0,1.0,87
487,@nytimes,Tue Jul 10 01:15:00 +0000 2018,Watch Judge Brett Kavanaugh speak live: https://t.co/EDWxIDIFKZ,0.0,0.0,0.0,1.0,88
488,@nytimes,Tue Jul 10 01:04:31 +0000 2018,Breaking News: President Trump has selected Brett Kavanaugh for the Supreme Court. His confirmation would cement a‚Ä¶ https://t.co/L00RPJM6YY,0.5574,0.175,0.0,0.825,89
489,@nytimes,Tue Jul 10 00:55:21 +0000 2018,"RT @nytpolitics: In a few minutes, President Trump will announce his Supreme Court nominee. We will have live video coverage. Tune in here:‚Ä¶",0.5574,0.146,0.0,0.854,90
490,@nytimes,Tue Jul 10 00:47:04 +0000 2018,Evening Briefing: Here's what you need to know at the end of the day https://t.co/T2FLo7N66x,0.0,0.0,0.0,1.0,91
491,@nytimes,Tue Jul 10 00:32:06 +0000 2018,"Migrants have been found in duffel bags, toolboxes and washing machines, as smugglers go to ever greater lengths to‚Ä¶ https://t.co/L6IXA7d1dS",0.0258,0.109,0.105,0.786,92
492,@nytimes,Tue Jul 10 00:17:05 +0000 2018,"RT @nytopinion: Bill Shine was too tainted by sexual harassment scandal to keep working at Fox News. Now he works in the White House, write‚Ä¶",-0.7506,0.0,0.218,0.782,93
493,@nytimes,Tue Jul 10 00:02:06 +0000 2018,"The former driver for Donald Trump accused him and the Trump Organization of failing to pay him more than 3,000 hou‚Ä¶ https://t.co/A2as0UVeh3",-0.7096,0.0,0.266,0.734,94
494,@nytimes,Mon Jul 09 23:47:04 +0000 2018,"To celebrate 50 years of the Man Booker Prize, the public voted on the best book that ever won it https://t.co/bNbsI2Ukel",0.9423,0.467,0.0,0.533,95
495,@nytimes,Mon Jul 09 23:32:06 +0000 2018,The internet has made finding other people with your health problem easier. ‚ÄúYou can get a much better sense of wha‚Ä¶ https://t.co/SoAAgGrdAJ,0.4588,0.216,0.102,0.682,96
496,@nytimes,Mon Jul 09 23:17:04 +0000 2018,RT @kevinmdraper: Michele Roberts has read your cap smoothing arguments and thinks they‚Äôre bogus: https://t.co/kyOYQPuRR4 https://t.co/MueQ‚Ä¶,-0.4019,0.0,0.153,0.847,97
497,@nytimes,Mon Jul 09 23:02:02 +0000 2018,McKinsey has ended a lucrative consulting contract with ICE. A Times report about the firm‚Äôs work prompted question‚Ä¶ https://t.co/Kr7lFlGw0O,0.0,0.0,0.0,1.0,98
498,@nytimes,Mon Jul 09 22:47:03 +0000 2018,Evening Briefing: Here's what you need to know at the end of the day https://t.co/V9LSLRb4P6,0.0,0.0,0.0,1.0,99
499,@nytimes,Mon Jul 09 22:32:05 +0000 2018,"Starbucks will stop using disposable plastic straws by 2020, eliminating more than one billion straws a year, the r‚Ä¶ https://t.co/pN2Oiij9OA",-0.296,0.0,0.109,0.891,100
